/*
SQLyog Community v13.1.5  (64 bit)
MySQL - 10.4.11-MariaDB : Database - tabungan_lpd_kayubihi
*********************************************************************
*/

/*!40101 SET NAMES utf8 */;

/*!40101 SET SQL_MODE=''*/;

/*!40014 SET @OLD_UNIQUE_CHECKS=@@UNIQUE_CHECKS, UNIQUE_CHECKS=0 */;
/*!40014 SET @OLD_FOREIGN_KEY_CHECKS=@@FOREIGN_KEY_CHECKS, FOREIGN_KEY_CHECKS=0 */;
/*!40101 SET @OLD_SQL_MODE=@@SQL_MODE, SQL_MODE='NO_AUTO_VALUE_ON_ZERO' */;
/*!40111 SET @OLD_SQL_NOTES=@@SQL_NOTES, SQL_NOTES=0 */;
CREATE DATABASE /*!32312 IF NOT EXISTS*/`tabungan_lpd_kayubihi` /*!40100 DEFAULT CHARACTER SET utf8mb4 */;

USE `tabungan_lpd_kayubihi`;

/*Table structure for table `m_nasabah` */

DROP TABLE IF EXISTS `m_nasabah`;

CREATE TABLE `m_nasabah` (
  `id` int(11) NOT NULL AUTO_INCREMENT,
  `id_nasabah` varchar(15) NOT NULL,
  `nama_nasabah` varchar(100) DEFAULT NULL,
  `alamat` varchar(100) DEFAULT NULL,
  `jenis_kelamin` varchar(20) DEFAULT NULL,
  `telepon` varchar(15) DEFAULT NULL,
  `pekerjaan` varchar(50) DEFAULT NULL,
  `tanggal_lahir` date DEFAULT NULL,
  `no_ktp` varchar(16) DEFAULT NULL,
  `user_id` int(11) DEFAULT NULL,
  `tanggal_daftar` date DEFAULT NULL,
  `foto_ktp` varchar(250) DEFAULT NULL,
  PRIMARY KEY (`id`,`id_nasabah`),
  KEY `m_nasabah_fk1` (`user_id`),
  CONSTRAINT `m_nasabah_fk1` FOREIGN KEY (`user_id`) REFERENCES `m_user` (`id`) ON DELETE CASCADE ON UPDATE CASCADE
) ENGINE=InnoDB AUTO_INCREMENT=195 DEFAULT CHARSET=utf8mb4;

/*Data for the table `m_nasabah` */

insert  into `m_nasabah`(`id`,`id_nasabah`,`nama_nasabah`,`alamat`,`jenis_kelamin`,`telepon`,`pekerjaan`,`tanggal_lahir`,`no_ktp`,`user_id`,`tanggal_daftar`,`foto_ktp`) values 
(1,'NS00001','Ni Nyoman Kari','Bangli','Perempuan','081999897123','Swasta','1998-01-01','0123913123122322',1,'2022-09-21','202212202202_OcSXzjNHg2.jpeg'),
(6,'NS00002','I Wayan Jana Antara','Bangli','Laki-Laki','081999897123','PNS','1990-01-20','01239131231223',6,'2022-09-20',NULL),
(7,'NS00003','I Nengah Santika','Pucangan','Laki-Laki','12345678901','Mahasiswa','2001-01-20','0987654321234523',10,'2022-10-09',NULL),
(8,'NS00004','Christina Purnama Yanti','Denpasar','Perempuan','2345670086544','Dosen','2022-10-11','0988234752984',12,'2022-10-10',NULL),
(9,'NS00005','I Kadek Alit Sudiksa','Br. Pucangan','Laki-Laki','123456789098','Mahasiswa','2001-12-02','0987654321234567',13,'2022-10-28',NULL),
(10,'NS00006','Ni Ketut Asry Winarti','Bangli','Perempuan','087654345321','Mahasiswa','2000-02-01','1234554456777868',14,'2022-11-20',NULL),
(11,'NS00007','I Nyoman Arditayasa','Br. Kayubihi','Laki-Laki','085238234854','Wiraswasta','1989-02-18','5106011109980006',19,'2022-11-21',NULL),
(12,'NS00008','I Wayan Sandi Putrayana','Br. Gebagan','Laki-Laki','08786453214','Pelajar','2000-06-15','5106010110615200',20,'2022-11-21',NULL),
(13,'NS00009','Nang Nitanami','Br. Mampeh','Laki-Laki','081237645398','Petani','1972-10-12','5106011012197222',21,'2022-11-21',NULL),
(14,'NS00010','Putu Teni','Br. Jangkaan','Laki-Laki','087313873933','Wiraswasta','1989-03-14','5106011013141989',22,'2022-11-21',NULL),
(15,'NS00011','I Wayan Gede Pardiana','Br. Gebagan','Laki-Laki','085237236110','Wiraswasta','1995-09-08','5106010109081995',23,'2022-11-21',NULL),
(16,'NS00012','I Kadek Ari Sanjaya','Br. Mampeh','Laki-Laki','085237236110','Wiraswasta','1993-09-12','5106010109121993',24,'2022-11-21',NULL),
(17,'NS00013','Sintya 2','Br. Gebagan','Perempuan','087654345321','Pelajar','2000-02-20','5106010102202000',25,'2022-11-21',NULL),
(18,'NS00014','I Wayan Rusnayasa','Br. Pucangan','Laki-Laki','085238121797','Pegawai','1997-03-20','5106010103201997',26,'2022-11-21',NULL),
(19,'NS00015','I Ketut Redana','Br. Pucangan','Laki-Laki','085238121797','Wiraswasta','1998-08-30','5106010108301989',27,'2022-11-21',NULL),
(20,'NS00016','I Wayan Suardana','Br. Mampeh','Laki-Laki','085237313614','Pelajar','2001-09-21','5106010109212001',28,'2022-11-21',NULL),
(21,'NS00017','Ni Nyoman Puji','Br. Kayubihi','Perempuan','085237236110','Petani','1985-09-17','5106010109171985',29,'2022-11-21',NULL),
(22,'NS00018','I Nyoman Santia Jaya Wiguna','Br. Jangkaan','Laki-Laki','08786453214','Petani','1988-07-29','5106010107291988',30,'2022-11-21',NULL),
(23,'NS00019','I Dw A Gede Kusuma Buana','Br. Kayubihi','Laki-Laki','081237645386','PNS','1987-07-19','5106010107191987',31,'2022-11-21',NULL),
(24,'NS00020','Jimpitan Tengah','Br. Kayubihi','Perempuan','085238234854','Wiraswasta','1992-04-19','5106010104191992',32,'2022-11-21',NULL),
(25,'NS00021','Me Yuni','Br.Pucangan','Perempuan','08376543577','Wiraswasta','1985-05-09','5106010105091985',33,'2022-11-21',NULL),
(26,'NS00022','I Putu Agus Satya Anggara','Br. Gebagan','Laki-Laki','085238234854','Pelajar','2000-06-28','5106010106282000',34,'2022-11-21',NULL),
(27,'NS00023','I Made Arpin Aryanendra','Br. Kayubihi','Laki-Laki','087313873933','Mahasiswa','1999-08-19','5106010108191999',35,'2022-11-21',NULL),
(28,'NS00024','Ni Nengah Yudiarni','Br. Mampeh','Perempuan','085237236110','Wiraswasta','1996-05-29','5106010105291996',36,'2022-11-21',NULL),
(29,'NS00025','I Ketut Sudarma','Br. Mampeh','Laki-Laki','085238121797','Pegawai','1995-08-12','5106010108121995',37,'2022-11-21',NULL),
(30,'NS00026','Ni Wayan Lenen','Br. Gebagan','Perempuan','087313873933','Wiraswasta','1983-08-23','5106010108231992',38,'2022-11-21',NULL),
(31,'NS00027','I Dw A . A Citra Dewi','Br. Kayubihi','Perempuan','085238234854','Pegawai','1992-07-20','5106010107201992',39,'2022-11-21',NULL),
(32,'NS00028','I Dw A Ngurah Nurasya Sukawati','Br. Kayubihi','Laki-Laki','087654345321','PNS','1986-08-04','5106010108041986',40,'2022-11-21',NULL),
(33,'NS00029','I Kadek Parjana','Br. Gebagan','Laki-Laki','085237236110','Pegawai','1987-09-06','5106010109061987',41,'2022-11-21',NULL),
(34,'NS00030','I Wayan Dadi','Br. Jangkaan','Laki-Laki','087313873933','Petani','1986-06-29','5106010106291986',42,'2022-11-21',NULL),
(35,'NS00031','Ni Ketut Suastiningsih','Br. Pucangan','Perempuan','085238121797','Wiraswasta','1994-07-12','5106010107121994',43,'2022-11-21',NULL),
(36,'NS00032','I Dewa Nyoman Taman','Br. Gebagan','Laki-Laki','081237645386','Wiraswasta','1994-02-11','5106010102111994',44,'2022-11-21',NULL),
(37,'NS00033','Kenanga 2','Br. Kayubihi','Perempuan','087861779179','Wiraswasta','1997-05-13','5106010105131997',45,'2022-11-21',NULL),
(38,'NS00034','Ni Nyoman Saviadnyani','Br. Jangkaan','Perempuan','0852339873648','Wiraswasta','1995-12-17','5106010112171995',46,'2022-11-21',NULL),
(39,'NS00035','Liya Widyasani','Br. Kayubihi','Perempuan','085238121797','Pelajar','2000-07-14','5106010107142000',47,'2022-11-21',NULL),
(40,'NS00036','Ni Nengah Lestari','Br. Pucangan','Perempuan','085238234854','Wiraswasta','1998-09-11','5106010109111998',48,'2022-11-21',NULL),
(41,'NS00037','Ni Nengah Evi Adnyani','Br. Mampeh','Perempuan','087861779179','Pegawai','1994-07-21','5106010107211994',49,'2022-11-21',NULL),
(42,'NS00038','STT Mekarsari','Br. Kayubihi','Laki-Laki','081907317445','Pura','2000-09-09','5106010109092000',50,'2022-11-21',NULL),
(43,'NS00039','I Wayan Agus Parmadi','Br. Jangkaan','Laki-Laki','087856184863','Pegawai','1998-12-07','5106010112071998',51,'2022-11-21',NULL),
(44,'NS00040','Ni Nengah Kenyus','Br. Gebagan','Perempuan','087861779179','Petani','1992-07-25','5106010107251992',52,'2022-11-21',NULL),
(45,'NS00041','I Nengah Mustapa','Br. Mampeh','Laki-Laki','085238234854','Wiraswasta','1995-09-16','5106010109161995',53,'2022-11-21',NULL),
(46,'NS00042','I Wayan Darmayasa','Br. Kayubihi','Laki-Laki','087654345321','Wiraswasta','1996-07-10','5106010107101996',54,'2022-11-21',NULL),
(47,'NS00043','Ni Nengah Nunas','Br. Gebagan','Perempuan','085238234854','Petani','1994-02-11','5106010102111994',55,'2022-11-21',NULL),
(48,'NS00044','SDN 3 Kayubihi','Br. Kayubihi','Laki-Laki','087654345321','Guru','1988-09-21','5106010109211988',56,'2022-11-21',NULL),
(49,'NS00045','Me Budiarna','Br. Jangkaan','Perempuan','081237645386','Wiraswasta','1995-07-22','5106010107221995',57,'2022-11-21',NULL),
(50,'NS00046','I Gede Bayu Putra Utama','Br. Mampeh','Laki-Laki','0852339873648','Pegawai','1997-06-10','5106010106101997',58,'2022-11-21',NULL),
(51,'NS00047','Ni Luh Juniari','Br. Pucangan','Perempuan','083856339274','Pegawai','2001-09-12','5106010109122001',59,'2022-11-21',NULL),
(52,'NS00048','I Nengah Dita Riana','Br. Gebagan','Laki-Laki','081237645398','Pelajar','2002-12-08','5106010112082002',60,'2022-11-21',NULL),
(53,'NS00049','Dewa Made Raka Putra','Br.Kayubihi','Laki-Laki','087861779179','Pegawai','1995-07-17','5106010107171995',61,'2022-11-21',NULL),
(54,'NS00050','I Nengah Bentar','Br. Mampeh','Laki-Laki','085238234854','Wiraswasta','1996-04-27','5106010104271996',62,'2022-11-21',NULL),
(55,'NS00051','I Nyoman Suandita','Br. Gebagan','Laki-Laki','083856339274','Pegawai','1994-02-09','5106010102091994',63,'2022-11-21',NULL),
(56,'NS00052','I Nengah Nomer','Br. Pucangan','Laki-Laki','081907317445','Petani','1995-04-01','5106010104011995',64,'2022-11-21',NULL),
(57,'NS00053','Gede Arkawidana Sanyoga','Br. Jangkaan','Laki-Laki','087861779179','Pegawai','1997-03-08','5106010103081997',65,'2022-11-21',NULL),
(58,'NS00054','PPOB','Br. Kayubihi','Laki-Laki','087313873933','Pegawai','1998-02-04','5106010102041998',66,'2022-11-21',NULL),
(59,'NS00055','Ni Nyoman Nyemblong','Br. Kayubihi','Perempuan','083856339274','Petani','1995-12-23','5106010112231995',67,'2022-11-21',NULL),
(60,'NS00056','I Wayan Sudiana','Br. Jangkaan','Laki-Laki','085238121797','Wiraswasta','1988-10-05','5106010110051988',68,'2022-11-21',NULL),
(61,'NS00057','I Made Saka  Arta Barendra','Br. Kayubihi','Laki-Laki','087654345321','Mahasiswa','2000-04-30','5106010102302000',69,'2022-11-21',NULL),
(62,'NS00058','Ni Putu Kaneishia Anandini M','Br. Kayubihi','Perempuan','083856339274','Pegawai','1997-09-07','5106010109071997',70,'2022-11-21',NULL),
(63,'NS00059','Putu Reni','Br. Pucangan','Perempuan','087654345397','Petani','1987-09-22','5106010109221987',71,'2022-11-21',NULL),
(64,'NS00060','Putu Surya','Br. Gebagan','Laki-Laki','081237645320','Wiraswasta','1991-12-09','5106010112091991',72,'2022-11-21',NULL),
(65,'NS00061','Jro Bayan Kabar','Br. Jangkaan','Laki-Laki','088239147840','Petani','1978-02-21','5106010102211978',73,'2022-11-21',NULL),
(66,'NS00062','I Wayan Merta Ariadi','Br. Pucangan','Laki-Laki','085233987362','Pegawai','1988-06-11','5106010106111988',74,'2022-11-21',NULL),
(67,'NS00063','I Nengah Parmada','Br. Pucangan','Laki-Laki','087743364661','Pegawai','1999-08-03','5106010108031999',75,'2022-11-21',NULL),
(68,'NS00064','STT Krama Gebagan','Br. Gebagan','Laki-Laki','081237645297','Pura','1997-08-14','5106010108141997',76,'2022-11-21',NULL),
(69,'NS00065','Arisan','Br. Kayubihi','Perempuan','085238138083','Wiraswasta','1990-01-22','5106010101221990',77,'2022-11-21',NULL),
(70,'NS00066','Ni Nengah Santi','Br. Pucangan','Perempuan','087313873210','Petani','1987-11-09','5106010111091987',78,'2022-11-21',NULL),
(71,'NS00067','Ni Wayan Darmayu','Br. Mampeh','Perempuan','083856339274','Wiraswasta','1991-01-30','5106010101301991',79,'2022-11-21',NULL),
(72,'NS00068','I Nengah Astawa','Br. Pucangan','Laki-Laki','081907317256','Petani','1986-09-10','5106010109101986',80,'2022-11-21',NULL),
(73,'NS00069','I Nengah Parum','Br. Jangkaan','Laki-Laki','0876543453440','Wiraswasta','1996-09-11','5106010109111996',81,'2022-11-21',NULL),
(74,'NS00070','Ni Nengah Pradnya Andiani','Br. Mampeh','Perempuan','083765435893','Pegawai','1999-12-26','5106010112261999',82,'2022-11-21',NULL),
(75,'NS00071','Putu Wijaya','Br. Kayubihi','Laki-Laki','081239763421','Wiraswasta','1992-06-23','5106010106231992',83,'2022-11-21',NULL),
(76,'NS00072','Me Gede Ceraken','Br. Pucangan','Perempuan','082542920834','Wiraswasta','1987-07-02','5106010107021987',84,'2022-11-21',NULL),
(77,'NS00073','I Nengah Dana','Br. Pucangan','Laki-Laki','085238672111','Petani','1985-09-15','5106010109151985',85,'2022-11-21',NULL),
(78,'NS00074','I Putu Astika','Br. Pucangan','Laki-Laki','085792488084','Wiraswasta','1996-06-11','5106010106111996',86,'2022-11-21',NULL),
(79,'NS00075','I Nyoman Jatiawan','Br. Kayubihi','Laki-Laki','085238121797','Pegawai','1976-03-02','5106010103021976',87,'2022-11-21',NULL),
(80,'NS00076','Nang Sudiani','Br. Gebagan','Laki-Laki','085237236110','Wiraswasta','1975-09-15','5106010109151975',88,'2022-11-21',NULL),
(81,'NS00077','I Gede Sanjaya','Br.Pucangan','Laki-Laki','087861772992','Pegawai','1999-07-29','5106010107291999',89,'2022-11-21',NULL),
(82,'NS00078','Putu Ayuning Prabandari','Br. Kayubihi','Perempuan','083114987350','Mahasiswa','2002-04-11','5106010104112002',90,'2022-11-21',NULL),
(83,'NS00079','I Ketut Ardana','Br. Jangkaan','Laki-Laki','081237645398','Pegawai','1977-10-09','5106010110091977',91,'2022-11-21',NULL),
(84,'NS00080','I Wayan Sinarbawa','Br. Pucangan','Laki-Laki','0831149873471','Wiraswasta','1976-06-13','5106010106131976',92,'2022-11-21',NULL),
(85,'NS00081','Ni Nengah Mudiasih','Br. Pucangan','Perempuan','088239147551','Wiraswasta','1983-01-22','5106010101221983',93,'2022-11-21',NULL),
(86,'NS00082','NI Ketut Sirat','Br. Pucangan','Perempuan','081237645386','Pegawai','1993-07-12','5106010107121993',94,'2022-11-21',NULL),
(87,'NS00083','Ni Nengah Samiasih','Br. Mampeh','Perempuan','083765435779','Petani','1978-11-23','5106010111231978',95,'2022-11-21',NULL),
(88,'NS00084','Dw Ayu Md Ratna Dewi','Br. Kayubihi','Perempuan','087313870976','Pegawai','1986-09-27','5106010109271986',96,'2022-11-21',NULL),
(89,'NS00085','I Dw A . A Paramitha Pradnya','Br. Kayubihi','Perempuan','081237645009','PNS','1975-06-20','5106010106201975',97,'2022-11-21',NULL),
(90,'NS00086','I Dw A. Praditya Pradnya','Br. Kayubihi','Laki-Laki','088239146290','Pegawai','1988-03-11','5106010103111988',98,'2022-11-21',NULL),
(91,'NS00087','Men Nila Sari','Br. Mampeh','Perempuan','087313878893','Wiraswasta','1977-12-27','5106010112271977',99,'2022-11-21',NULL),
(92,'NS00088','Ni Luh Suciasih','Br. Kayubihi','Perempuan','081237645398','Wiraswasta','1980-08-23','5106010108231980',100,'2022-11-21',NULL),
(93,'NS00089','Ni Wayan Nilasari','Br. Gebagan','Perempuan','088239146221','Wiraswasta','1982-11-09','5106010111091982',101,'2022-11-21',NULL),
(94,'NS00090','Paud Cahaya Kumara','Br. Kayubihi','Perempuan','085238234854','Guru','1987-09-13','5106010109131987',102,'2022-11-21',NULL),
(95,'NS00091','Paud Kmara Lokanata Sastra 2','Br. Kayubihi','Perempuan','087313873933','Guru','1988-03-29','5106010103291988',103,'2022-11-21',NULL),
(96,'NS00092','Ni Luh Yulianti','Br. Gebagan','Perempuan','081237645452','Mahasiswa','2001-12-10','5106010112102001',104,'2022-11-21',NULL),
(97,'NS00093','Ni Nengah Rina Yanti','Br. Pucangan','Perempuan','087864532190','Mahasiswa','2001-12-09','5106010112092001',105,'2022-11-21',NULL),
(98,'NS00094','I Nengah Sudiasa','Br. Gebagan','Laki-Laki','087654345508','Wiraswasta','1979-03-10','5106010103101979',106,'2022-11-21',NULL),
(99,'NS00095','I Komang Darmayasa','Br. Gebagan','Laki-Laki','081237982031','Pegawai','2000-03-12','5106010103122000',107,'2022-11-21',NULL),
(100,'NS00096','Ni Wayan Arningsih','Br. Jangkaan','Perempuan','082542920834','Pegawai','1990-07-03','5106010107031990',108,'2022-11-21',NULL),
(101,'NS00097','Sang Ayu Putu Dewi Setianingsih','Br. Kayubihi','Perempuan','081237645398','PNS','1989-08-14','5106010108141989',109,'2022-11-21',NULL),
(102,'NS00098','I Wayan Suardipa','Br. Gebagan','Laki-Laki','088239148935','Wiraswasta','1978-07-29','5106010107291978',110,'2022-11-21',NULL),
(103,'NS00099','Deha Desa Pengarep','Br. Kayubihi','Perempuan','085238234990','Pura','1999-04-23','5106010104231999',111,'2022-11-21',NULL),
(104,'NS00100','Ni Nengah Pustika Dewi','Br. Pucangan','Perempuan','085239775643','Pegawai','1997-10-03','5106010110031997',112,'2022-11-21',NULL),
(105,'NS00101','I Nyoman Soma','Br. Gebagan','Laki-Laki','082739886530','Wiraswasta','1975-03-17','5106010103171975',113,'2022-11-21',NULL),
(106,'NS00102','Dw Ayu Earlene','Br. Kayubihi','Perempuan','087313873029','Pelajar','2003-07-26','5106010107262003',114,'2022-11-21',NULL),
(107,'NS00103','I Nyoman Werdi Santika','Br. Mampeh','Laki-Laki','088239147293','Wiraswasta','1979-02-25','5106010102251979',115,'2022-11-21',NULL),
(108,'NS00104','Dana Pembangunan Desa Adat','Br. Kayubihi','Laki-Laki','085238234854','Pura','1985-01-12','5106010101121985',116,'2022-11-21',NULL),
(109,'NS00105','I Wayan Tingkes','Br. Jangkaan','Laki-Laki','081237645386','Wiraswasta','1986-09-05','5106010109051986',117,'2022-11-21',NULL),
(110,'NS00106','Ni Kadek Arik Suadnyani','Br. Pucangan','Perempuan','087864973655','Pegawai','2000-05-13','5106010105132000',118,'2022-11-21',NULL),
(111,'NS00107','I Nengah Tara','Br. Pucangan','Laki-Laki','081237645221','Petani','1978-09-12','5106010109121978',119,'2022-11-21',NULL),
(112,'NS00108','Ni Wayan Astiti','Br. Kayubihi','Perempuan','087972155640','Petani','1977-04-19','5106010104191977',120,'2022-11-21',NULL),
(113,'NS00109','Men Sukadana','Br. Jangkaan','Perempuan','087654009765','Petani','1975-06-21','5106010106211975',121,'2022-11-21',NULL),
(114,'NS00110','Nang Subagia','Br. Kayubihi','Laki-Laki','081237645956','Petani','1977-08-20','5106010108201977',122,'2022-11-21',NULL),
(115,'NS00111','Ni Nyoman Armilaningsih','Br. Mampeh','Perempuan','088239147092','Wiraswasta','1983-05-09','5106010105091983',123,'2022-11-21',NULL),
(116,'NS00112','Ni Nyoman Sisi','Br. Gebagan','Perempuan','082392460931','Wiraswasta','1986-04-11','5106010104111986',124,'2022-11-21',NULL),
(117,'NS00113','Men Suandana','Br. Kayubihi','Perempuan','081237645386','Wiraswasta','1977-11-02','5106010111021977',125,'2022-11-21',NULL),
(118,'NS00114','Ni Nengah Weci','Br. Kayubihi','Perempuan','082739093581','Wiraswasta','1976-01-29','5106010101291976',126,'2022-11-21',NULL),
(119,'NS00115','Ni Kadek Chrisna Dewi','Br. Kayubihi','Perempuan','087864972156','Pegawai','1998-12-07','5106010112071998',127,'2022-11-21',NULL),
(120,'NS00116','I Wayan Tarka','Br.Pucangan','Laki-Laki','081237645990','Wiraswasta','1978-08-23','5106010108231978',128,'2022-11-21',NULL),
(121,'NS00117','Sherly','Br. Pucangan','Perempuan','087861779179','Pegawai','1997-05-21','5106010105211997',129,'2022-11-21',NULL),
(122,'NS00118','I Kadek Parjana 2','Br. Gebagan','Laki-Laki','085237236110','Pegawai','1987-09-06','5106010109061987',130,'2022-11-21',NULL),
(123,'NS00119','Ni Ketut Ngarti','Br. Pucangan','Perempuan','082739093000','Petani','1976-01-30','5106010101301976',131,'2022-11-21',NULL),
(124,'NS00120','Ni Nengah Sangkil','Br. Gebagan','Perempuan','087654345321','Petani','1976-04-23','5106010104231976',132,'2022-11-21',NULL),
(125,'NS00121','Ni Nengah Sarini','Br. Jangkaan','Perempuan','082739093897','Wiraswasta','1975-09-14','5106010109141975',133,'2022-11-21',NULL),
(126,'NS00122','Suadaya Air Minum Krama Kangin','Br. Kayubihi','Laki-Laki','087861779179','Wiraswasta','1977-06-23','5106010106231977',134,'2022-11-21',NULL),
(127,'NS00123','I Wayan Gede Darma Putra','Br. Kayubihi','Laki-Laki','088239147835','Wiraswasta','1978-04-15','5106010104151978',135,'2022-11-21',NULL),
(128,'NS00124','Men Sukarta','Br. Kayubihi','Perempuan','081907317735','Petani','1973-07-07','5106010107071973',136,'2022-11-21',NULL),
(129,'NS00125','Ni Komang Mertini','Br. Gebagan','Perempuan','087313873919','Pegawai','2000-10-04','5106010110042000',137,'2022-11-21',NULL),
(130,'NS00126','I Ketut Jasir','Br. Pucangan','Laki-Laki','08376543520','Petani','1974-07-20','5106010107201974',138,'2022-11-21',NULL),
(131,'NS00127','Ni Putu Sacita P.P','Br. Kayubihi','Perempuan','081237392749','Pegawai','1999-04-22','5106010104221999',139,'2022-11-21',NULL),
(132,'NS00128','Ni Nengah Sunarti','Br. Gebagan','Perempuan','087654345321','Petani','1981-09-17','5106010109171981',140,'2022-11-21',NULL),
(133,'NS00129','Luh Hendrayani','Br. Jangkaan','Perempuan','082739093870','Pegawai','1997-08-28','5106010108281997',141,'2022-11-21',NULL),
(134,'NS00130','I Ketut Oka','Br. Jangkaan','Laki-Laki','082739093970','Petani','1976-03-14','5106010103141976',142,'2022-11-21',NULL),
(135,'NS00131','I Wayan Astana','Br. Pucangan','Laki-Laki','082542994810','Petani','1981-09-27','5106010109271981',143,'2022-11-21',NULL),
(136,'NS00132','Seka Jimpitan','Br. Mampeh','Perempuan','087864532143','Wiraswasta','1985-06-10','5106010106101985',144,'2022-11-21',NULL),
(137,'NS00133','I Nengah Dita Wirawan 2','Br. Kayubihi','Laki-Laki','087972665390','Pegawai','1997-05-19','5106010105191997',145,'2022-11-21',NULL),
(138,'NS00134','I Gede Yoga Cahyana Putra','Br. Kayubihi','Laki-Laki','085238120087','Pelajar','2003-08-27','5106010108272003',146,'2022-11-21',NULL),
(139,'NS00135','Men Sudiani','Br. Gebagan','Perempuan','0825429208907','Wiraswasta','1982-06-12','5106010106121982',147,'2022-11-21',NULL),
(140,'NS00136','I Nengah Arnopa','Br. Mampeh','Laki-Laki','087313865490','Wiraswasta','1982-07-30','5106010107301982',148,'2022-11-21',NULL),
(141,'NS00137','Ni Wayan Widia Ekarani','Br. Kayubihi','Perempuan','085737450897','Mahasiswa','2000-12-19','5106010112192000',149,'2022-11-21',NULL),
(142,'NS00138','Men Carik','Br. Gebagan','Perempuan','082738344729','Wiraswasta','1975-07-16','5106010107161975',150,'2022-11-21',NULL),
(143,'NS00139','Ni Nengah Dewina Danti','Br. Kayubihi','Perempuan','087313867022','Pegawai','1996-09-24','5106010109241996',151,'2022-11-21',NULL),
(144,'NS00140','Luh Wijayanti','Br. Gebagan','Perempuan','082139567342','Pegawai','1994-05-29','5106010105291994',152,'2022-11-21',NULL),
(145,'NS00141','I Dw A . A Arsani Dewi','Br. Kayubihi','Perempuan','087792252746','Wiraswasta','1980-08-22','5106010108221980',153,'2022-11-21',NULL),
(146,'NS00142','I Nengah Sumarta','Br. Jangkaan','Laki-Laki','085337674294','Petani','1978-02-19','5106010102191978',154,'2022-11-21',NULL),
(147,'NS00143','Prawira Adhitya','Br. Mampeh','Laki-Laki','081237492374','PNS','1982-10-27','5106010110271982',155,'2022-11-21',NULL),
(148,'NS00144','Nang Ranting','Br. Jangkaan','Laki-Laki','082737492507','Petani','1974-09-12','5106010109121974',156,'2022-11-21',NULL),
(149,'NS00145','I Made Arianto','Br. Kayubihi','Laki-Laki','081558230548','Wiraswasta','1975-04-18','5106010104181975',157,'2022-11-21',NULL),
(150,'NS00146','I Dw A. Satria Wibawa','Br. Kayubihi','Laki-Laki','087792350671','Pegawai','1985-02-10','5106010102101985',158,'2022-11-21',NULL),
(151,'NS00147','I Nengah Tresna','Br. Pucangan','Laki-Laki','082737892630','Petani','1976-09-13','5106010109131976',159,'2022-11-21',NULL),
(152,'NS00148','I Gede Darma Antara Yadnya','Mampeh','Laki-Laki','081339754769','Wiraswasta','1996-07-19','5106010107191996',160,'2022-11-21',NULL),
(153,'NS00149','Ni Nengah Nitarianti','Br. Pucangan','Perempuan','087854927551','Pegawai','1997-09-22','5106010109221997',161,'2022-11-21',NULL),
(154,'NS00150','Nang Rumasih','Br. Pucangan','Laki-Laki','081239875308','Petani','1974-03-18','5106010103181974',162,'2022-11-21',NULL),
(155,'NS00151','Ni Komang Masih','Br. Gebagan','Perempuan','087872347290','Pegawai','1994-07-22','5106010107221994',163,'2022-11-21',NULL),
(156,'NS00152','I Wayan Artana','Br. Kayubihi','Laki-Laki','082737904728','Wiraswasta','1979-02-28','5106010102281979',164,'2022-11-21',NULL),
(157,'NS00153','Ni Nengah Rindi Jayanti','Br. Mampeh','Perempuan','087792874621','Mahasiswa','2002-04-19','5106010104192002',165,'2022-11-21',NULL),
(158,'NS00154','Ni Wayan Suri','Br. Pucangan','Perempuan','082737870328','Wiraswasta','1983-06-11','5106010106111983',166,'2022-11-21',NULL),
(159,'NS00155','Ni Nengah Yudiani','Br. Kayubihi','Perempuan','081737615893','Wiraswasta','1983-07-29','5106010107291983',167,'2022-11-21',NULL),
(160,'NS00156','I Dw A . A Rismawati SSTP','Br. Kayubihi','Perempuan','087692843206','Pegawai','1980-05-04','5106010105041980',168,'2022-11-21',NULL),
(161,'NS00157','I Nyoman Jatiawan 2','Br. Kayubihi','Laki-Laki','085238121797','Pegawai','1976-02-03','5106010102031976',169,'2022-11-21',NULL),
(162,'NS00158','I Nengah Suardika','Br. Pucangan','Laki-Laki','087342507174','Pelajar','2004-05-12','5106010105122004',170,'2022-11-21',NULL),
(163,'NS00159','Jro Guru Sedana','Br. Kayubihi','Laki-Laki','087313450239','Wiraswasta','1974-07-12','5106010107121974',171,'2022-11-21',NULL),
(164,'NS00160','Ni Wayan Winda','Br. Jangkaan','Perempuan','081239359273','Wiraswasta','1988-09-27','5106010109271988',172,'2022-11-21',NULL),
(165,'NS00161','Ni Nengah Parmiasih','Br. Kayubihi','Perempuan','082737460553','Wiraswasta','1986-02-14','5106010102141986',173,'2022-11-21',NULL),
(166,'NS00162','I Wayan Kertayana','Br. Kayubihi','Laki-Laki','082339847661','Pegawai','1984-09-23','5106010109231984',174,'2022-11-21',NULL),
(167,'NS00163','I Nengah Bulat','Br. Mampeh','Laki-Laki','081238649838','Wiraswasta','1975-09-04','5106010109041975',175,'2022-11-21',NULL),
(168,'NS00164','Kadek Siratarayana','Br. Gebagan','Laki-Laki','087239641335','Mahasiswa','2002-04-12','5106010104122002',176,'2022-11-21',NULL),
(169,'NS00165','Me Yanti','Br. Pucangan','Perempuan','087856329741','Wiraswasta','1980-02-19','5106010102191980',177,'2022-11-21',NULL),
(170,'NS00166','Me Parjanayasa','Br. Gebagan','Perempuan','081337297340','Petani','1974-03-28','5106010103281974',178,'2022-11-21',NULL),
(171,'NS00167','Ni Nyoman Sariasi','Br. Kayubihi','Perempuan','085339487342','Wiraswasta','1974-08-25','5106010108251974',179,'2022-11-21',NULL),
(172,'NS00168','I Wayan Wardina Adi Putra','Br. Kayubihi','Laki-Laki','081238339774','Wiraswasta','1974-05-14','5106010105141974',180,'2022-11-21',NULL),
(173,'NS00169','Dupa Shanti','Br. Jangkaan','Laki-Laki','082119285762','Wiraswasta','1982-09-24','5106010109241982',181,'2022-11-21',NULL),
(174,'NS00170','I Wayan Yoga Saputra Yana','Br. Pucangan','Laki-Laki','087248630764','Pegawai','2000-04-11','5106010104112000',182,'2022-11-21',NULL),
(175,'NS00171','Kelompok Buah Karya Guna','Br. Pucangan','Laki-Laki','085233987364','Wiraswasta','1982-07-15','5106010107151982',183,'2022-11-21',NULL),
(176,'NS00172','Bumdes Mertha Buana','Br. Kayubihi','Laki-Laki','081918325866','Wiraswasta','1983-03-18','5106010103181983',184,'2022-11-21',NULL),
(177,'NS00173','Ni Wayan Darmayu 2','Br. Mampeh','Perempuan','083856339274','Wiraswasta','1991-01-30','5106010101301991',185,'2022-11-21',NULL),
(178,'NS00174','I Wayan Wenten','Br. Pucangan','Laki-Laki','085646913458','Wiraswasta','1973-09-13','5106010109131973',186,'2022-11-21',NULL),
(179,'NS00175','Nang Lestari','Br. Pucangan','Laki-Laki','082119348493','Wiraswasta','1974-07-24','5106010107241974',187,'2022-11-21',NULL),
(180,'NS00176','I Gede Artha Adhi Wiryatama','Br. Kayubihi','Laki-Laki','081239943273','Wiraswasta','1982-03-17','5106010103171982',188,'2022-11-21',NULL),
(181,'NS00177','I Nengah Dita Wirawan','Br. Kayubihi','Laki-Laki','087972665390','Pegawai','1997-05-19','5106010105191997',189,'2022-11-21',NULL),
(182,'NS00178','Me Sudiartini','Br. Pucangan','Perempuan','085238123343','Wiraswasta','1973-04-12','5106010104121973',190,'2022-11-21',NULL),
(183,'NS00179','Seka Gong Gita Yowana Praja','Br. Kayubihi','Laki-Laki','087313873933','Pura','1992-01-16','5106010101161992',191,'2022-11-21',NULL),
(184,'NS00180','Seka Yeh Merta Sinar S. S','Br. Kayubihi','Laki-Laki','088239147835','Wiraswasta','1987-06-29','5106010106291987',192,'2022-11-21',NULL),
(185,'NS00181','Kadek Ari Dwipayana','Br. Jangkaan','Laki-Laki','081237492374','Wiraswasta','1978-08-22','5106010108221978',193,'2022-11-21',NULL),
(186,'NS00182','Men Dumun 2','Br. Kayubihi','Perempuan','085238234854','Wiraswasta','1972-05-29','5106010105291972',194,'2022-11-21',NULL),
(187,'NS00183','I Nyoman Buyar','Br. Kayubihi','Laki-Laki','088239147092','Guru','1981-09-15','5106010109151981',195,'2022-11-21',NULL),
(188,'NS00184','I Wayan Sudarma Dirgaha','Br. Jangkaan','Laki-Laki','087654345321','Petani','1983-07-22','5106010107221983',196,'2022-11-21',NULL),
(189,'NS00185','Men Srianti','Br. Gebagan','Perempuan','085237236110','Petani','1977-09-17','5106010109171977',197,'2022-11-21',NULL),
(190,'NS00186','Ni Wayan Srianti','Br. Gebagan','Perempuan','082119348493','Pegawai','1993-08-12','5106010108121993',198,'2022-11-21',NULL),
(191,'NS00187','Ni Nengah Anjani','Br. Mampeh','Perempuan','087863260499','Guru','1997-09-17','5106010109171997',199,'2022-11-21',NULL),
(192,'NS00188','I Wayan Suweter','Br. Gebagan','Laki-Laki','088239147293','Petani','1971-07-26','5106010107261971',200,'2022-11-21',NULL),
(193,'NS00189','I Kadek Edo Giri Artha','Payangan, Gianyar, Bali','Laki-Laki','081239487992','Mahasiswa','2000-02-01','5150101010201200',201,'2022-11-22',NULL),
(194,'NS00190','Santika','Bangli','Laki-Laki','087654345321','Mahasiswa','2001-02-02','7288925288399353',204,'2022-12-01',NULL);

/*Table structure for table `m_pegawai` */

DROP TABLE IF EXISTS `m_pegawai`;

CREATE TABLE `m_pegawai` (
  `id` int(11) NOT NULL AUTO_INCREMENT,
  `id_pegawai` varchar(15) NOT NULL,
  `nama_pegawai` varchar(100) DEFAULT NULL,
  `tanggal_lahir` date DEFAULT NULL,
  `alamat` varchar(100) DEFAULT NULL,
  `jenis_kelamin` varchar(20) DEFAULT NULL,
  `telepon` varchar(20) DEFAULT NULL,
  `user_id` int(11) DEFAULT NULL,
  PRIMARY KEY (`id`,`id_pegawai`),
  KEY `m_pegawai_fk1` (`user_id`),
  CONSTRAINT `m_pegawai_fk1` FOREIGN KEY (`user_id`) REFERENCES `m_user` (`id`) ON DELETE CASCADE ON UPDATE CASCADE
) ENGINE=InnoDB AUTO_INCREMENT=10 DEFAULT CHARSET=utf8mb4;

/*Data for the table `m_pegawai` */

insert  into `m_pegawai`(`id`,`id_pegawai`,`nama_pegawai`,`tanggal_lahir`,`alamat`,`jenis_kelamin`,`telepon`,`user_id`) values 
(1,'PG00001','I Wayan Agus','1990-02-20','Bangli','Laki-Laki','081999897565',7),
(2,'PG00002','I Made Semara','1994-01-01','Bangli','Laki-Laki','081999897666',8),
(3,'PG00003','I Nyoman Darsana','1980-12-29','Bangli','Laki-Laki','081999897565',9),
(4,'PG00004','I Nyoman Jatiawan','1976-02-03','Banjar Dinas Kayubihi, Bangli','Laki-Laki','085238121797',15),
(5,'PG00005','I Kadek Parjana','1987-09-06','Banjar Dinas Gebagan, Bangli','Laki-Laki','085237236110',16),
(6,'PG00006','Ni Wayan Ratnasih','1988-03-13','Banjar Dinas Kayubihi, Bangli','Perempuan','085237313614',17),
(7,'PG00007','Ni Nengah Evi Adnyani','1994-07-21','Banjar Dinas Mampeh, Bangli','Perempuan','087861779179',18),
(8,'PG00008','I Ketut Kariada','1988-03-13','Banjar Dinas Kayubihi, Bangli','Laki-Laki','085237213614',202),
(9,'PG00009','I Ketut Ardana','1988-03-13','Banjar Dinas Kayubihi, Bangli','Laki-Laki','085237313614',203);

/*Table structure for table `m_produk_tabungan` */

DROP TABLE IF EXISTS `m_produk_tabungan`;

CREATE TABLE `m_produk_tabungan` (
  `id` int(11) NOT NULL AUTO_INCREMENT,
  `id_produk` varchar(15) NOT NULL,
  `bunga` float DEFAULT NULL,
  `pemegang` varchar(50) DEFAULT NULL,
  `jenis_rekening` varchar(50) DEFAULT NULL,
  PRIMARY KEY (`id`,`id_produk`)
) ENGINE=InnoDB DEFAULT CHARSET=utf8mb4;

/*Data for the table `m_produk_tabungan` */

/*Table structure for table `m_tabungan` */

DROP TABLE IF EXISTS `m_tabungan`;

CREATE TABLE `m_tabungan` (
  `id` int(11) NOT NULL AUTO_INCREMENT,
  `no_rekening` varchar(20) NOT NULL,
  `nasabah_id` int(11) NOT NULL,
  `tanggal_daftar` date DEFAULT NULL,
  `saldo` float DEFAULT 0,
  PRIMARY KEY (`id`,`no_rekening`),
  KEY `m_tabungan_fk1` (`nasabah_id`),
  CONSTRAINT `m_tabungan_fk1` FOREIGN KEY (`nasabah_id`) REFERENCES `m_nasabah` (`id`) ON DELETE CASCADE ON UPDATE CASCADE
) ENGINE=InnoDB AUTO_INCREMENT=202 DEFAULT CHARSET=utf8mb4;

/*Data for the table `m_tabungan` */

insert  into `m_tabungan`(`id`,`no_rekening`,`nasabah_id`,`tanggal_daftar`,`saldo`) values 
(12,'0001',1,'2022-09-21',290000),
(13,'0002',6,'2022-09-20',150000),
(14,'0003',7,'2022-10-09',200000),
(15,'0004',8,'2022-10-10',550000),
(16,'0005',9,'2022-10-28',1000000),
(17,'0006',10,'2022-11-20',0),
(18,'0007',11,'2022-11-21',1500000),
(19,'0008',12,'2022-11-21',6000000),
(20,'0009',13,'2022-11-21',1400000),
(21,'0010',14,'2022-11-21',409000),
(22,'0011',15,'2022-11-21',500000),
(23,'0012',16,'2022-11-21',80900000),
(24,'0013',17,'2022-11-21',3700000),
(25,'0014',18,'2022-11-21',2700000),
(26,'0015',19,'2022-11-21',700000),
(27,'0016',20,'2022-11-21',2500000),
(28,'0017',21,'2022-11-21',3000000),
(29,'0018',22,'2022-11-21',1000000),
(30,'0019',23,'2022-11-21',750000),
(31,'0020',24,'2022-11-21',2550000),
(32,'0021',25,'2022-11-21',42000000),
(33,'0022',26,'2022-11-21',150000),
(34,'0023',27,'2022-11-21',150000),
(35,'0024',28,'2022-11-21',150000),
(36,'0025',29,'2022-11-21',19986900),
(37,'0026',30,'2022-11-21',6500000),
(38,'0027',31,'2022-11-21',2800000),
(39,'0028',32,'2022-11-21',400000),
(40,'0029',33,'2022-11-21',1795000),
(41,'0030',34,'2022-11-21',240000),
(42,'0031',35,'2022-11-21',31000000),
(43,'0032',36,'2022-11-21',5000000),
(44,'0033',37,'2022-11-21',10490000),
(45,'0034',38,'2022-11-21',6000000),
(46,'0035',39,'2022-11-21',1300000),
(47,'0036',40,'2022-11-21',50000),
(48,'0037',41,'2022-11-21',6691000),
(49,'0038',42,'2022-11-21',4000000),
(50,'0039',43,'2022-11-21',40750000),
(51,'0040',44,'2022-11-21',10000),
(52,'0041',45,'2022-11-21',65687000),
(53,'0042',46,'2022-11-21',2441000),
(54,'0043',47,'2022-11-21',15000000),
(55,'0044',48,'2022-11-21',8355000),
(56,'0045',49,'2022-11-21',1000000),
(57,'0046',50,'2022-11-21',0),
(58,'0047',51,'2022-11-21',500000),
(59,'0048',52,'2022-11-21',500000),
(60,'0049',53,'2022-11-21',7500000),
(61,'0050',54,'2022-11-21',8420000),
(62,'0051',55,'2022-11-21',6000),
(63,'0052',56,'2022-11-21',100000),
(64,'0053',57,'2022-11-21',800000),
(65,'0054',58,'2022-11-21',4970000),
(66,'0055',59,'2022-11-21',300000),
(67,'0056',60,'2022-11-21',3000000),
(68,'0057',61,'2022-11-21',200000),
(69,'0058',62,'2022-11-21',200000),
(70,'0059',63,'2022-11-21',0),
(71,'0060',64,'2022-11-21',6046000),
(72,'0061',65,'2022-11-21',200000),
(73,'0062',66,'2022-11-21',1250000),
(74,'0063',67,'2022-11-21',23000000),
(75,'0064',68,'2022-11-21',8800000),
(76,'0065',69,'2022-11-21',1900000),
(77,'0066',70,'2022-11-21',11400000),
(78,'0067',71,'2022-11-21',19361000),
(79,'0068',72,'2022-11-21',4000000),
(80,'0069',73,'2022-11-21',4600000),
(81,'0070',74,'2022-11-21',1000000),
(82,'0071',75,'2022-11-21',6000000),
(83,'0072',76,'2022-11-21',5000000),
(84,'0073',77,'2022-11-21',40000),
(85,'0074',78,'2022-11-21',520000),
(86,'0075',79,'2022-11-21',5500000),
(87,'0076',80,'2022-11-21',1524000),
(88,'0077',81,'2022-11-21',1260000),
(89,'0078',82,'2022-11-21',2472000),
(90,'0079',83,'2022-11-21',2031000),
(91,'0080',84,'2022-11-21',21400000),
(92,'0081',85,'2022-11-21',1027000),
(93,'0082',86,'2022-11-21',0),
(94,'0083',87,'2022-11-21',0),
(95,'0084',88,'2022-11-21',68130000),
(96,'0085',89,'2022-11-21',250000),
(97,'0086',90,'2022-11-21',0),
(98,'0087',91,'2022-11-21',600000),
(99,'0088',92,'2022-11-21',1480000),
(100,'0089',93,'2022-11-21',81465000),
(101,'0090',94,'2022-11-21',2500000),
(102,'0091',95,'2022-11-21',1388000),
(103,'0092',96,'2022-11-21',3200000),
(104,'0093',97,'2022-11-21',300000),
(105,'0094',98,'2022-11-21',1000000),
(106,'0095',99,'2022-11-21',2800000),
(107,'0096',100,'2022-11-21',1524000),
(108,'0097',101,'2022-11-21',18570000),
(109,'0098',102,'2022-11-21',28300000),
(110,'0099',103,'2022-11-21',49000),
(111,'0100',104,'2022-11-21',700000),
(112,'0101',105,'2022-11-21',9000000),
(113,'0102',106,'2022-11-21',129000),
(114,'0103',107,'2022-11-21',24000000),
(115,'0104',108,'2022-11-21',129000),
(116,'0105',109,'2022-11-21',36000000),
(117,'0106',110,'2022-11-21',3000000),
(118,'0107',111,'2022-11-21',18000000),
(119,'0108',112,'2022-11-21',1500000),
(120,'0109',113,'2022-11-21',168000),
(121,'0110',114,'2022-11-21',100000),
(122,'0111',115,'2022-11-21',5000000),
(123,'0112',116,'2022-11-21',1000000),
(124,'0113',117,'2022-11-21',5000000),
(125,'0114',118,'2022-11-21',40000000),
(126,'0115',119,'2022-11-21',800000),
(127,'0116',120,'2022-11-21',41700000),
(128,'0117',121,'2022-11-21',1600000),
(129,'0118',122,'2022-11-21',50300000),
(130,'0119',123,'2022-11-21',12000000),
(131,'0120',124,'2022-11-21',170000),
(132,'0121',125,'2022-11-21',9200000),
(133,'0122',126,'2022-11-21',500000),
(134,'0123',127,'2022-11-21',10000000),
(135,'0124',128,'2022-11-21',2000000),
(136,'0125',129,'2022-11-21',3000000),
(137,'0126',130,'2022-11-21',100000),
(138,'0127',131,'2022-11-21',1200000),
(139,'0128',132,'2022-11-21',400000),
(140,'0129',133,'2022-11-21',0),
(141,'0130',134,'2022-11-21',1400000),
(142,'0131',135,'2022-11-21',5000000),
(143,'0132',136,'2022-11-21',4600000),
(144,'0133',137,'2022-11-21',100000000),
(145,'0134',138,'2022-11-21',176000),
(146,'0135',139,'2022-11-21',200000),
(147,'0136',140,'2022-11-21',150000),
(148,'0137',141,'2022-11-21',400000),
(149,'0138',142,'2022-11-21',1130000),
(150,'0139',143,'2022-11-21',1200000),
(151,'0140',144,'2022-11-21',21500000),
(152,'0141',145,'2022-11-21',40000000),
(153,'0142',146,'2022-11-21',500000),
(154,'0143',147,'2022-11-21',1000000),
(155,'0144',148,'2022-11-21',11000000),
(156,'0145',149,'2022-11-21',10000000),
(157,'0146',150,'2022-11-21',39000),
(158,'0147',151,'2022-11-21',13500000),
(159,'0148',152,'2022-11-21',500000),
(160,'0149',153,'2022-11-21',3000000),
(161,'0150',154,'2022-11-21',3000000),
(162,'0151',155,'2022-11-21',0),
(163,'0152',156,'2022-11-21',500000),
(164,'0153',157,'2022-11-21',700000),
(165,'0154',158,'2022-11-21',702000),
(166,'0155',159,'2022-11-21',7450000),
(167,'0156',160,'2022-11-21',2000000),
(168,'0157',161,'2022-11-21',5300000),
(169,'0158',162,'2022-11-21',2500000),
(170,'0159',163,'2022-11-21',24000000),
(171,'0160',164,'2022-11-21',5000000),
(172,'0161',165,'2022-11-21',2000000),
(173,'0162',166,'2022-11-21',850000),
(174,'0163',167,'2022-11-21',200000),
(175,'0164',168,'2022-11-21',200000),
(176,'0165',169,'2022-11-21',200000),
(177,'0166',170,'2022-11-21',1065000),
(178,'0167',171,'2022-11-21',500000),
(179,'0168',172,'2022-11-21',11000000),
(180,'0169',173,'2022-11-21',24230000),
(181,'0170',174,'2022-11-21',6000000),
(182,'0171',175,'2022-11-21',700000),
(183,'0172',176,'2022-11-21',25000000),
(184,'0173',177,'2022-11-21',20000000),
(185,'0174',178,'2022-11-21',3000000),
(186,'0175',179,'2022-11-21',200000),
(187,'0176',180,'2022-11-21',500000),
(188,'0177',181,'2022-11-21',2500000),
(189,'0178',182,'2022-11-21',21200000),
(190,'0179',183,'2022-11-21',475000),
(191,'0180',184,'2022-11-21',2000000),
(192,'0181',185,'2022-11-21',15000000),
(193,'0182',186,'2022-11-21',4636000),
(194,'0183',187,'2022-11-21',1500000),
(195,'0184',188,'2022-11-21',100000),
(196,'0185',189,'2022-11-21',3290000),
(197,'0186',190,'2022-11-21',1484000),
(198,'0187',191,'2022-11-21',2000000),
(199,'0188',192,'2022-11-21',21000),
(200,'0189',193,'2022-11-22',0),
(201,'0190',194,'2022-12-01',0);

/*Table structure for table `m_user` */

DROP TABLE IF EXISTS `m_user`;

CREATE TABLE `m_user` (
  `id` int(11) NOT NULL AUTO_INCREMENT,
  `id_user` varchar(15) NOT NULL,
  `nama` varchar(100) DEFAULT NULL,
  `alamat` varchar(100) DEFAULT NULL,
  `jenis_kelamin` varchar(20) DEFAULT NULL,
  `username` varchar(100) DEFAULT NULL,
  `password` varchar(255) DEFAULT NULL,
  `jabatan` varchar(20) DEFAULT NULL,
  PRIMARY KEY (`id`)
) ENGINE=InnoDB AUTO_INCREMENT=205 DEFAULT CHARSET=utf8mb4;

/*Data for the table `m_user` */

insert  into `m_user`(`id`,`id_user`,`nama`,`alamat`,`jenis_kelamin`,`username`,`password`,`jabatan`) values 
(1,'U00001','Ni Nyoman Kari','Bangli','Perempuan','nasabah','$2y$10$Qzy9WPTez3Wney/hLuyV0eMmxTuGaIlCccCw5q1YD27qCx1j1mbOO','Nasabah'),
(6,'U00003','I Wayan Jana Antara','Bangli','Laki-Laki','antara','$2y$10$/fr.6vIVqKFGhs0jePJ1L.ZevXC/CgP9Fxy8z/reQJuzwC9u9vBEy','Nasabah'),
(7,'U00004','I Wayan Agus','Bangli','Laki-Laki','admin','$2y$10$TiTNTNUlaX.BVKAfVs.LXOhvfsLCJqUQWCC6cFydszQd17ZpaBXW.','Admin'),
(8,'U00005','I Made Semara','Bangli','Laki-Laki','kolektor','$2y$10$1aQ6GVl9z/dpQbv5EJAz9OaO5E/OTHgcpdlIKUsNA4xddxwey3GwW','Kolektor'),
(9,'U00006','I Nyoman Darsana','Bangli','Laki-Laki','kepala','$2y$10$ivMWOP6bkijzEcX8oDpqEOYxmJi56W7oHzXLsydub4glM.eQsjS1K','Kepala'),
(10,'U00007','I Nengah Santika','Pucangan','Laki-Laki','Santika','$2y$10$ZMEnuEP3ThrOXd3sQBFxPOjWZNPZzQgFrsoPAKtmHwE9iSVZdbZTe','Nasabah'),
(12,'U00008','Christina Purnama Yanti','Denpasar','Perempuan','Christin','$2y$10$2YSC2slfuCfz0oU9vKHCHOdYixqOCbc2qyGkP3H6aS0n18HHFKxTO','Nasabah'),
(13,'U00009','I Kadek Alit Sudiksa','Br. Pucangan','Laki-Laki','alit','$2y$10$3i67EqxjP533CyDOSWfh6uB5yKZ3NLDVh6AtXUGXblQJzaFnuXCLy','Nasabah'),
(14,'U00010','Ni Ketut Asry Winarti','Bangli','Perempuan','asry','$2y$10$csCwYTiiPJRHeX64921MF.BtkdRyHrnYNFBixbcti3vOrR4Zz1UKi','Nasabah'),
(15,'U00011','I Nyoman Jatiawan','Banjar Dinas Kayubihi, Bangli','Laki-Laki','jatiawan','$2y$10$lgQy7hOAzwqPZ5B3yFCEMeDYcBMBY0x2MsIYzWxuk9JqyEEEyLkKu','Kepala'),
(16,'U00012','I Kadek Parjana','Banjar Dinas Gebagan, Bangli','Laki-Laki','parjana','$2y$10$2OJmsH8FK/HYBeHtkrARf.QEogsrVqOSu6gchhgdaRV9B9IY0nOze','Admin'),
(17,'U00013','Ni Wayan Ratnasih','Banjar Dinas Kayubihi, Bangli','Perempuan','Ratnasih','$2y$10$nkDu6h5R.ltQdws489NT7udDsxopiWFrDrSgZIOGDGs4JQSrCFDMW','Kolektor'),
(18,'U00014','Ni Nengah Evi Adnyani','Banjar Dinas Mampeh, Bangli','Perempuan','evi','$2y$10$2V9rCuzzSHn.m3Iz2rpXtuDPQi/XzB6NKjvhDM5dCki3aMXt7Bs46','Kolektor'),
(19,'U00015','I Nyoman Arditayasa','Br. Kayubihi','Laki-Laki','arditayasa','$2y$10$UYbyDIwtQ0YoLmLV9/tTlehsoYmhE5KyntcqWV48aqV.38pMAeK0q','Nasabah'),
(20,'U00016','I Wayan Sandi Putrayana','Br. Gebagan','Laki-Laki','putrayana','$2y$10$unQzolrXrBezE2Lp.OgivejtxDFoG1BUYRV1eNXd2b4Ca2b18Z3Ty','Nasabah'),
(21,'U00017','Nang Nitanami','Br. Mampeh','Laki-Laki','nitanami','$2y$10$PlMYEaQ4Z4CJ8tvCHWSdOOfXf7t0WY7E5s9VD3W0Zjc3hyGjU1Wc2','Nasabah'),
(22,'U00018','Putu Teni','Br. Jangkaan','Laki-Laki','teni','$2y$10$Z/Z8B6ff0SK.L8ok.l4l9.GF0kBUpv57FewV.3j4qFeixnxM8rX1C','Nasabah'),
(23,'U00019','I Wayan Gede Pardiana','Br. Gebagan','Laki-Laki','pardiana','$2y$10$0s5CSG108oo2YWwyPoEnQOgUvtRZBZOl7PLE6JdEDkSYIQPb2KGc2','Nasabah'),
(24,'U00020','I Kadek Ari Sanjaya','Br. Mampeh','Laki-Laki','arisanjaya','$2y$10$uIvJE5X86NvBc8O9qNKLyeKPJ97/0JacCqmK2.ZVGio.FcHc5RqpW','Nasabah'),
(25,'U00021','Sintya 2','Br. Gebagan','Perempuan','sintya2','$2y$10$EP7LjYJsZXvfWF8/h7kejue8arhADIKf8hfgpg2QkX2GHENxZtGqa','Nasabah'),
(26,'U00022','I Wayan Rusnayasa','Br. Pucangan','Laki-Laki','rusnayasa','$2y$10$urJrIcBVmrE3pvnLXMr0nu36DPqR2/tGMSLQMkOQCBsDm9CbYvqmG','Nasabah'),
(27,'U00023','I Ketut Redana','Br. Pucangan','Laki-Laki','redana','$2y$10$38tIoUGsEUDCtXgagXeraO7LeEmvruOnpmSEESo7xXJ4g5h7iC4/C','Nasabah'),
(28,'U00024','I Wayan Suardana','Br. Mampeh','Laki-Laki','suardana','$2y$10$vW2yKyP6ZnKUVarY/IuUauDec8oLA.gVaFJF5V5Sw.t3m8dI.Syi2','Nasabah'),
(29,'U00025','Ni Nyoman Puji','Br. Kayubihi','Perempuan','puji','$2y$10$QU2eYF75mxa7fLvN.gkTWeGQ2DBPUM2Gpzfzn7BBDMH5TrvzmWppa','Nasabah'),
(30,'U00026','I Nyoman Santia Jaya Wiguna','Br. Jangkaan','Laki-Laki','santia','$2y$10$6dXERJuA1Lbe6l3/BHumN.QX8saLO1iumYFWr5siiXgY2oUF.l0MG','Nasabah'),
(31,'U00027','I Dw A Gede Kusuma Buana','Br. Kayubihi','Laki-Laki','buana','$2y$10$qGL36E2DYMhTeFbZoLUUUeg6jDrVUEWu68sB5GnlmaOofZ/b8/T1e','Nasabah'),
(32,'U00028','Jimpitan Tengah','Br. Kayubihi','Perempuan','tengah','$2y$10$IgLx91da92Ch.cH7XyZgkOnsScFFHO0dRypH.ZzdCdoVtGtDhM7zy','Nasabah'),
(33,'U00029','Me Yuni','Br.Pucangan','Perempuan','meyuni','$2y$10$qRWOfbyz8C3pusSXSjlwJuoS2Q9czID9ftmWazKuQNn5wppK7Dkny','Nasabah'),
(34,'U00030','I Putu Agus Satya Anggara','Br. Gebagan','Laki-Laki','anggara','$2y$10$tHTx/iYYawvoCZuSorXJ3eLsRi9SZzVyqv/.cHKTQtHpJYjt.SE8a','Nasabah'),
(35,'U00031','I Made Arpin Aryanendra','Br. Kayubihi','Laki-Laki','aripin','$2y$10$PpC.dwT4F51OBqV0MFJ6Q.sjjy9MurdjX7.LLHOmN/6hJjSTUSRDi','Nasabah'),
(36,'U00032','Ni Nengah Yudiarni','Br. Mampeh','Perempuan','yudiarni','$2y$10$iurRLDlWDRiGxW0VPdVyQOFZryH9tlvnHXFi8BHhP8hoQhbUWELQG','Nasabah'),
(37,'U00033','I Ketut Sudarma','Br. Mampeh','Laki-Laki','sudarma','$2y$10$RCPvROwHm27JaKEwqOadBeveREeLGljiCStxnDAbRCtvXG4hcvnKG','Nasabah'),
(38,'U00034','Ni Wayan Lenen','Br. Gebagan','Perempuan','lenen','$2y$10$3Pa6aunAGIq3ZVbDEcweTeNK9noD4uzZFh6Ga1n/CLJq4Lfzbf2Um','Nasabah'),
(39,'U00035','I Dw A . A Citra Dewi','Br. Kayubihi','Perempuan','citradewi','$2y$10$PKrwFs9Rc4rrqP17ULtuTuZmGcnMLagbI/lepbWCa.Q8zbqFBmvpu','Nasabah'),
(40,'U00036','I Dw A Ngurah Nurasya Sukawati','Br. Kayubihi','Laki-Laki','nurasya','$2y$10$10MfbAGLX0pIwzFXdPZzHe3rCH1SzacFh3piHbNNBdhPcjdO1dtaK','Nasabah'),
(41,'U00037','I Kadek Parjana','Br. Gebagan','Laki-Laki','parjananasabah','$2y$10$bh1KgR9a8lrjqVrPvaopq.fbVyL39jRlGvkwIa85msbVyhKehi4Nm','Nasabah'),
(42,'U00038','I Wayan Dadi','Br. Jangkaan','Laki-Laki','dadi','$2y$10$QJzVbb/IITY.23FjJtUY6OfIDodJBmhrmcckR0I9SjTTrMk4xaO7C','Nasabah'),
(43,'U00039','Ni Ketut Suastiningsih','Br. Pucangan','Perempuan','suastiningsih','$2y$10$WAHSoHAS0holl/Zy4Kc7H.ZmAHE0mbSWQjYnYarLWs6udtd.dOoqi','Nasabah'),
(44,'U00040','I Dewa Nyoman Taman','Br. Gebagan','Laki-Laki','taman','$2y$10$DaqBKtQCxKM2znW.zcn8B.cBErAydq.5p1J2iszbW.z5dn3T5DtfG','Nasabah'),
(45,'U00041','Kenanga 2','Br. Kayubihi','Perempuan','kenanga2','$2y$10$bCj1/PQW3bRG2QZlu5s8iu8GXyubHvLaF3nJgVCbHiEMbzolZwsc.','Nasabah'),
(46,'U00042','Ni Nyoman Saviadnyani','Br. Jangkaan','Perempuan','saviadnyani','$2y$10$fG0DnFBQZkxxs7djKyer2.vWM1HRZBkNKqNjF98gPWVFvPdh/RGou','Nasabah'),
(47,'U00043','Liya Widyasani','Br. Kayubihi','Perempuan','liya','$2y$10$OfFQjdyehlCjDWa3zs446u1Dp9euOeLkh.Kt4gov3Wu06MT7G1usW','Nasabah'),
(48,'U00044','Ni Nengah Lestari','Br. Pucangan','Perempuan','lestari','$2y$10$a8NR3JOTKBYsemN1s8D9au307fbou2A5lqJVkP7zN/LsT5BAZ0CvC','Nasabah'),
(49,'U00045','Ni Nengah Evi Adnyani','Br. Mampeh','Perempuan','evinasabah','$2y$10$/eoCuQTy1nhGz79G7MJy4.D0IFXQdePz2br/XJn1doE95cxKbhzSK','Nasabah'),
(50,'U00046','STT Mekarsari','Br. Kayubihi','Laki-Laki','mekarsari','$2y$10$yUU.9xVzgatE2LDKNhB61.MTNbe4u8GoE94HI9bYMu9b3OJxEZBDa','Nasabah'),
(51,'U00047','I Wayan Agus Parmadi','Br. Jangkaan','Laki-Laki','parmadi','$2y$10$/Xy.QYPrj6VqneW15TFjS.Cbb5Jd5XxuD4EW1NZq8W5KysPbPOyRy','Nasabah'),
(52,'U00048','Ni Nengah Kenyus','Br. Gebagan','Perempuan','kenyus','$2y$10$R/tJ2HanzQFKGBzzgF7Fc.zQ6fImJ.soNYIk3UAedO5ICHSSF257S','Nasabah'),
(53,'U00049','I Nengah Mustapa','Br. Mampeh','Laki-Laki','mustapa','$2y$10$z/zit2qopfxTkHLnMaxs4erRqRc2ysrPAspNJVSudo8d58JY9UbSu','Nasabah'),
(54,'U00050','I Wayan Darmayasa','Br. Kayubihi','Laki-Laki','darmayasa','$2y$10$irAHIlcUdx4wa7FiQTHRs.DkyLpBjBHbjbwUM2/41f73XNeeKg7i.','Nasabah'),
(55,'U00051','Ni Nengah Nunas','Br. Gebagan','Perempuan','nunas','$2y$10$MNq/cBBdX0x5XXeu3v6ViueLGJrEW1PDPmuHvjTYoqoCNiXCZNE1S','Nasabah'),
(56,'U00052','SDN 3 Kayubihi','Br. Kayubihi','Laki-Laki','sd3kayubihi','$2y$10$3KUqKJBq02/es3Xcnt7cOeXiAAJJcQcdAmmrTg0xLVRZdbDLUi6iq','Nasabah'),
(57,'U00053','Me Budiarna','Br. Jangkaan','Perempuan','mebudi','$2y$10$xjgPJRd/wzGoyFmzoL07zeapnYtYfUHjLsLw5WxVkKa2aVlR3v832','Nasabah'),
(58,'U00054','I Gede Bayu Putra Utama','Br. Mampeh','Laki-Laki','debayu','$2y$10$Fp.1RtDKupHngqUmG9kdtOGNV4cDmeJzFr/JW2zUrLtDPpEexGF5u','Nasabah'),
(59,'U00055','Ni Luh Juniari','Br. Pucangan','Perempuan','juniari','$2y$10$PvoRNos0LVmQ/UG7Ir6nT.vd/yEtFshA/Bdm2//Sl08UaLABdXcB2','Nasabah'),
(60,'U00056','I Nengah Dita Riana','Br. Gebagan','Laki-Laki','dita','$2y$10$4dVS8cOCIcc8OR9ZFbpKW.OkyHiZC0I0eU9/OXoxFyD4g/LkJFEdq','Nasabah'),
(61,'U00057','Dewa Made Raka Putra','Br.Kayubihi','Laki-Laki','dewaraka','$2y$10$b7MPHXV3Egasj.i6UyHt1e.I5pIglvD4WF3/sdDEnW9b/yzGfmn7O','Nasabah'),
(62,'U00058','I Nengah Bentar','Br. Mampeh','Laki-Laki','bentar','$2y$10$AtRlMPf1dVs6yWSg.BulAuh1KBu7R5II/raMl6HLNdkkrWos5tUMy','Nasabah'),
(63,'U00059','I Nyoman Suandita','Br. Gebagan','Laki-Laki','suandita','$2y$10$XgNheV54lxShB47oi2JEi.xNz0Y7Gzkq/WrGtRhOXR3/ejBL5renu','Nasabah'),
(64,'U00060','I Nengah Nomer','Br. Pucangan','Laki-Laki','nomer','$2y$10$0t3.QRySpSHfiqgqBCWHT.9rTxw/TCpOy7.EdvTsvZwxN.mprKazW','Nasabah'),
(65,'U00061','Gede Arkawidana Sanyoga','Br. Jangkaan','Laki-Laki','sanyoga','$2y$10$wRvn.VPqK0RLLoZPaLI22eVvyS1v3B..tUIc2FPw9CczYwp7e32BG','Nasabah'),
(66,'U00062','PPOB','Br. Kayubihi','Laki-Laki','ppob','$2y$10$lWRyp7CL5YWCnCq/QV3I4ua5.uDfMC.u2e3xiyG4dPDkcCFZWUH7m','Nasabah'),
(67,'U00063','Ni Nyoman Nyemblong','Br. Kayubihi','Perempuan','nyemblong','$2y$10$sdjNlKaPVT/yWu7LyX9CCOKSuvnS4Mqk9hoDZuyKQiOK66qYC1P4O','Nasabah'),
(68,'U00064','I Wayan Sudiana','Br. Jangkaan','Laki-Laki','sudiana','$2y$10$DwMXMRxqaFr94Qa/SHesc.OiYvJPIAqsmxobxjsB7kQ6QZeoZhttW','Nasabah'),
(69,'U00065','I Made Saka  Arta Barendra','Br. Kayubihi','Laki-Laki','barendra','$2y$10$lof1m/AjDVy9H18KJR2r7.r4oDeG5YSTo.nnEnK7tn9U9Ip1SUQbG','Nasabah'),
(70,'U00066','Ni Putu Kaneishia Anandini M','Br. Kayubihi','Perempuan','anandini','$2y$10$I.vOTl4znsie6lCc7hmkleDYYrGzv1LlQG9qgQHs4HC46AmA5aBVS','Nasabah'),
(71,'U00067','Putu Reni','Br. Pucangan','Perempuan','reni','$2y$10$bB9axzxWrlxuG8jIAjOo8etONprDahc/jVxyVC5V0ZVsmfobZ4z5i','Nasabah'),
(72,'U00068','Putu Surya','Br. Gebagan','Laki-Laki','surya','$2y$10$3aLmwCRxxMXmjppb8DEXEuH1V53Q049u8s/6I9uxOv6ROnec3MMIW','Nasabah'),
(73,'U00069','Jro Bayan Kabar','Br. Jangkaan','Laki-Laki','kabar','$2y$10$y0rqkdk5N2cwRz1d2n9bze16iTTCu/CIDfqc8MUuwp/EWon6vLYMK','Nasabah'),
(74,'U00070','I Wayan Merta Ariadi','Br. Pucangan','Laki-Laki','ariadi','$2y$10$MIeiGSceEgTyKxLMomkqouUdOy8qFi6OhtS.n8O.ic/QUs7.WOwRC','Nasabah'),
(75,'U00071','I Nengah Parmada','Br. Pucangan','Laki-Laki','parmada','$2y$10$TRncfHaIkoP1czRfgX0yi.ZpvThXUN51Q.LQdbjx688i8IImsn7s.','Nasabah'),
(76,'U00072','STT Krama Gebagan','Br. Gebagan','Laki-Laki','sttgebagan','$2y$10$DuYhJsjbtbikOLzDuEfzVe/rbB7Z/tbKJ4ijly69M2LaHSY6zk6ie','Nasabah'),
(77,'U00073','Arisan','Br. Kayubihi','Perempuan','arisan','$2y$10$BOGVEQP1wbvWTjChKOdSWO2de5el9ylyMA59jg9aiEueoAYWAWkW6','Nasabah'),
(78,'U00074','Ni Nengah Santi','Br. Pucangan','Perempuan','santi','$2y$10$KHa22.MMyDLXQfUqzLtPgOL5Ywz80g1U0/LpJtpCeyRQD7tSOJu3S','Nasabah'),
(79,'U00075','Ni Wayan Darmayu','Br. Mampeh','Perempuan','darmayu','$2y$10$3wMlCbNfTsUzZR3KnLXE1.MWRWlLx4UhtwTOVT5ryC/Hz2/IAI/6.','Nasabah'),
(80,'U00076','I Nengah Astawa','Br. Pucangan','Laki-Laki','astawa','$2y$10$D8NOGC6Ph8lk.QKKkGC7U.WBKsQhwIThNRacy6Mcp6XTF3MN.A1Ai','Nasabah'),
(81,'U00077','I Nengah Parum','Br. Jangkaan','Laki-Laki','parum','$2y$10$V2m4KuhQsRoMldSSZhWgAOZUM.iluOV7dTc4QtayEfI8r.1qagnCW','Nasabah'),
(82,'U00078','Ni Nengah Pradnya Andiani','Br. Mampeh','Perempuan','andiani','$2y$10$JRlWVg.0UjP7L2gE0UXxIOszw2ZOy7vTnwkYmpRVdci8CSSLuxpz2','Nasabah'),
(83,'U00079','Putu Wijaya','Br. Kayubihi','Laki-Laki','wijaya','$2y$10$LrQyDzTaFdwBlFcT1sVE9.P4uiSShVfz.dqMOPP8ChTkZHWMrSzkK','Nasabah'),
(84,'U00080','Me Gede Ceraken','Br. Pucangan','Perempuan','ceraken','$2y$10$hL10.w35ewTbXqbKSnSE8.KynWvGm9YdVsOgriqgnnyrABKfsXEGm','Nasabah'),
(85,'U00081','I Nengah Dana','Br. Pucangan','Laki-Laki','dana','$2y$10$7AdJBVvvAPD6aRTdheZdcuJf/WKgxHrKkiwrQHxS.vBWdr0l00/aO','Nasabah'),
(86,'U00082','I Putu Astika','Br. Pucangan','Laki-Laki','astika','$2y$10$RdE3pwopD8TC7akjf/ds/erAdMFvilUwWHLdw8N8ngJgTaH0IvCBe','Nasabah'),
(87,'U00083','I Nyoman Jatiawan','Br. Kayubihi','Laki-Laki','jatiawannasabah','$2y$10$ANDRHMVLaGvSdWUQ2W3H6uNFQfWHdtIlOufX8ZeYeBLc5erI8PQP6','Nasabah'),
(88,'U00084','Nang Sudiani','Br. Gebagan','Laki-Laki','sudiani','$2y$10$eT8fu6jVoWPV6dqyVgYqdupHkCQRnCTRf1XgdvtE.lozqGFNKkcRW','Nasabah'),
(89,'U00085','I Gede Sanjaya','Br.Pucangan','Laki-Laki','dejaya','$2y$10$q1MZoKb3cK6e840KUxNTsemoo3l/rJtV70LYv1ObYsZ48z6LFURDe','Nasabah'),
(90,'U00086','Putu Ayuning Prabandari','Br. Kayubihi','Perempuan','ayuning','$2y$10$0xWgSNGZJg1BIEjiWqKtxuCk1USq16HMYLZA0pM7mlvkBfFrWMzbm','Nasabah'),
(91,'U00087','I Ketut Ardana','Br. Jangkaan','Laki-Laki','ardana','$2y$10$nO6JClV.ppbmwe2XL5LnAehOe./8EHmuh.EDjdT2zIjUgZGFSvYQO','Nasabah'),
(92,'U00088','I Wayan Sinarbawa','Br. Pucangan','Laki-Laki','sinarbawa','$2y$10$glKikd.9LFrzrs0I9.SwIuG/YsFwS4D9zeO6.FFojITQqsGPFBB.m','Nasabah'),
(93,'U00089','Ni Nengah Mudiasih','Br. Pucangan','Perempuan','mudiasih','$2y$10$b/KW3uVXu1p87PyOUusrnefRo7RFnwXOaR37pVhSOSZE62S7wo/vC','Nasabah'),
(94,'U00090','NI Ketut Sirat','Br. Pucangan','Perempuan','sirat','$2y$10$fhJKl3c9n0eZjpE08U2jTeES8ki8Lfl/N8f2pJGNIHh75g.r128Z2','Nasabah'),
(95,'U00091','Ni Nengah Samiasih','Br. Mampeh','Perempuan','samiasih','$2y$10$g95z2an0Y3clCm199pRnK.ysbmcP4rR4wwaV1bcOSBmzJMBL/66Xi','Nasabah'),
(96,'U00092','Dw Ayu Md Ratna Dewi','Br. Kayubihi','Perempuan','dewi','$2y$10$6BJJOz1sWH1TFdczbv/4JuroBAlaf6WA4pYueiEgBGGE8seiPUub.','Nasabah'),
(97,'U00093','I Dw A . A Paramitha Pradnya','Br. Kayubihi','Perempuan','pradnya','$2y$10$yBgi5xa8yW6QR68uAW7lHehg4lHnTReqor71vdcXM.IKG5ywxX88S','Nasabah'),
(98,'U00094','I Dw A. Praditya Pradnya','Br. Kayubihi','Laki-Laki','dewapradnya','$2y$10$J.xTxfhbKWW9VRLjMS9S2eRBIJsxxnZithumFR/O3IMsCM3k6qBFW','Nasabah'),
(99,'U00095','Men Nila Sari','Br. Mampeh','Perempuan','mennilasari','$2y$10$sRJHP0EpPegSDxSYWIYHhO6GoKgBsIEJgY.DBYDBKmmIOv4KwRRFa','Nasabah'),
(100,'U00096','Ni Luh Suciasih','Br. Kayubihi','Perempuan','suciasih','$2y$10$W1ZeDEH0vAbtv07rEcFqS.KAC6ZR5bjuNKSC5jCLl2l88vOHrr8x2','Nasabah'),
(101,'U00097','Ni Wayan Nilasari','Br. Gebagan','Perempuan','nilasari','$2y$10$ABv/xl.jDO3D9P8JBhp1DOVJBD.zF0J/4er0tFUWfkpkSnm4H7DMC','Nasabah'),
(102,'U00098','Paud Cahaya Kumara','Br. Kayubihi','Perempuan','paudcahayakumara','$2y$10$80EQc6WkTI.N48MUbC3kp.eOW/.zTMqXoG1pxLlXu9DcUdnesM.Aa','Nasabah'),
(103,'U00099','Paud Kmara Lokanata Sastra 2','Br. Kayubihi','Perempuan','paudkumara','$2y$10$.P4JNP6W/gwkLnvllw2kSu.GBcnpUx5mPLYbEe4s8tyofPq83c7d2','Nasabah'),
(104,'U00100','Ni Luh Yulianti','Br. Gebagan','Perempuan','yulianti','$2y$10$y4FndqLnTA5NVcIjbwybmua7WGX.R9vgCz53EkVdvKc8C/zN9rF9m','Nasabah'),
(105,'U00101','Ni Nengah Rina Yanti','Br. Pucangan','Perempuan','rinayanti','$2y$10$74y9QwkpNnyJcTOCo4MLmu7wLpcWxYr3esjrXwLkhk/gZG34YFkvS','Nasabah'),
(106,'U00102','I Nengah Sudiasa','Br. Gebagan','Laki-Laki','sudiasa','$2y$10$UJScRyOWVhSjZyQ1OQ3gSu4C4DJXQHExCLRaJyqOUkhfDpJFuaLRe','Nasabah'),
(107,'U00103','I Komang Darmayasa','Br. Gebagan','Laki-Laki','komangdarmayasa','$2y$10$UuQ8WgdV9CYMme7Z9rSjKuw2gnBZY.To.hYxGqx9SVxX9195D.SX2','Nasabah'),
(108,'U00104','Ni Wayan Arningsih','Br. Jangkaan','Perempuan','arningsih','$2y$10$0Sh9nW3yIpo6cjBLk1pdPO.JBjxkP3XvAIE4blZJDwxRsqaJ04fcu','Nasabah'),
(109,'U00105','Sang Ayu Putu Dewi Setianingsih','Br. Kayubihi','Perempuan','setianingsih','$2y$10$.Yu5614kJIOF3lP9R8qkuuh7CndS3pQZjZV2SYCjT9IHjBX/3DPbW','Nasabah'),
(110,'U00106','I Wayan Suardipa','Br. Gebagan','Laki-Laki','suardipa','$2y$10$lC9lizpfR.gGkk8QKX9c0.vBOX38HZCjzPzNgE5QXmKX6CXguW6pq','Nasabah'),
(111,'U00107','Deha Desa Pengarep','Br. Kayubihi','Perempuan','dehadesa','$2y$10$R/2TFscOSd2r4lEgTkXDveKHJCLDZgDoNtEdQw6y6gHi6Y9VhzRKe','Nasabah'),
(112,'U00108','Ni Nengah Pustika Dewi','Br. Pucangan','Perempuan','pustikadewi','$2y$10$VeK/4RSpZiJ0ESSjqdQqY.TYuhWmHeNVSdgOhNV05qs2bqEh3I3aC','Nasabah'),
(113,'U00109','I Nyoman Soma','Br. Gebagan','Laki-Laki','soma','$2y$10$cPzWQ73siJPdgJsgl4be2eplC3R9FzsXXSpmmCmD3R8SiIXT.HdBO','Nasabah'),
(114,'U00110','Dw Ayu Earlene','Br. Kayubihi','Perempuan','earlene','$2y$10$wayWyRMy1GKYNQ1OAX9ZY.qzneahNqHKGtSWbzSF7jWfgs3am/iFy','Nasabah'),
(115,'U00111','I Nyoman Werdi Santika','Br. Mampeh','Laki-Laki','werdisantika','$2y$10$SgAUMQa1U15LZ.NB.aTIC.OAtaAFXu4I0WcyPbFcwQ5sw1q8LYV.O','Nasabah'),
(116,'U00112','Dana Pembangunan Desa Adat','Br. Kayubihi','Laki-Laki','danadesa','$2y$10$7iL2cASoWO9gyMvxP.b33eOeqpTNH4q/7JD8Q/qhm0e72hQRtF586','Nasabah'),
(117,'U00113','I Wayan Tingkes','Br. Jangkaan','Laki-Laki','tingkes','$2y$10$RJ3ggUqf09Zdf04I7SlMH.PSSM0BPycoKErwSO0/P.PEkyNUYwboW','Nasabah'),
(118,'U00114','Ni Kadek Arik Suadnyani','Br. Pucangan','Perempuan','suadnyani','$2y$10$WlwyQYgMfF4VYkpT5z0eIOWlcbpSQaRjPR9LXQRXPCJmefdx04DiS','Nasabah'),
(119,'U00115','I Nengah Tara','Br. Pucangan','Laki-Laki','tara','$2y$10$PBZj2wcQIYep4bTUDGfnwuH/wmDQQcNad55Lt5Inmqa2dcrgYikDy','Nasabah'),
(120,'U00116','Ni Wayan Astiti','Br. Kayubihi','Perempuan','astiti','$2y$10$jr9B9dRmoWf790RFXGxgI.zH3.kezYuhliHQ5z/3m1jMuCT1gEppm','Nasabah'),
(121,'U00117','Men Sukadana','Br. Jangkaan','Perempuan','sukadana','$2y$10$Ymp2DRUW0vAo2FkFhwTwRuVjjoo8EerLn0fl67p6nu3FDR8yiumQG','Nasabah'),
(122,'U00118','Nang Subagia','Br. Kayubihi','Laki-Laki','subagia','$2y$10$tIv80ygpjCtWcDv3f0RXaulDqPvBb4NtG4nd0MM8N0Rjw8pZ6B1TS','Nasabah'),
(123,'U00119','Ni Nyoman Armilaningsih','Br. Mampeh','Perempuan','armilaningsih','$2y$10$lQxbC14VBVMWFNFuTmk1Y.onSzwjhVxizc398VOsR6WDwX.osUNQ2','Nasabah'),
(124,'U00120','Ni Nyoman Sisi','Br. Gebagan','Perempuan','sisi','$2y$10$h6/JYc6o7FV2iZhHOCU1seVIXcY8a5G5Y0OF7RUqJPzOj/7ob6uYi','Nasabah'),
(125,'U00121','Men Suandana','Br. Kayubihi','Perempuan','suandana','$2y$10$r7mggF74rxiSNu1726OxwOgd.o6TBGaSPi.zOtJb3wtjECtf7d5Da','Nasabah'),
(126,'U00122','Ni Nengah Weci','Br. Kayubihi','Perempuan','weci','$2y$10$xcBnRn6kgfrTDaPYosyJseA7R5//CWKBo53WwCYaeN.m4QUPgPVIK','Nasabah'),
(127,'U00123','Ni Kadek Chrisna Dewi','Br. Kayubihi','Perempuan','chrisnadewi','$2y$10$kNyvJTYDCe9oYtmFpDWxse6Mhha88I4X0lZHKUh4pjd3hp2jumRG.','Nasabah'),
(128,'U00124','I Wayan Tarka','Br.Pucangan','Laki-Laki','tarka','$2y$10$T2i30aaMyLFYOcpNILF7auXXSYZ1jqwRfB5RJWurfnMZSsXuNxv92','Nasabah'),
(129,'U00125','Sherly','Br. Pucangan','Perempuan','sherly','$2y$10$ZVAyk/G2J5gGfqoiyAK3o.s5S31Bw0LtcQQUqZ5E/xZHg5eR.IcyW','Nasabah'),
(130,'U00126','I Kadek Parjana 2','Br. Gebagan','Laki-Laki','parjana2','$2y$10$fUpspTBplQ9agp2JqqsqfOjOdvcdO/NffgoeJh.YzDzkURudK/dxG','Nasabah'),
(131,'U00127','Ni Ketut Ngarti','Br. Pucangan','Perempuan','ngarti','$2y$10$2Ra1.kEY9C9zBtoBLKqnmeDBKbsYTJvMEkgcc4Q72jazSr1raWXky','Nasabah'),
(132,'U00128','Ni Nengah Sangkil','Br. Gebagan','Perempuan','sangkil','$2y$10$t7/IWpaUKT8UbiKIggEGuOmGgNp1rDFmRNTt/NCJwisaOmFKNXfS.','Nasabah'),
(133,'U00129','Ni Nengah Sarini','Br. Jangkaan','Perempuan','sarini','$2y$10$j2YBajlYKv713rsIZfxQUe980dt/b2gzFRJFNsnPwu19V00NdHSsm','Nasabah'),
(134,'U00130','Suadaya Air Minum Krama Kangin','Br. Kayubihi','Laki-Laki','airminumkramakangin','$2y$10$zzAdy1w.sWjFlkgmhNjIk.fQFMSPIngUh1Y0OZKnbqh5WA6hSSceO','Nasabah'),
(135,'U00131','I Wayan Gede Darma Putra','Br. Kayubihi','Laki-Laki','putra','$2y$10$31s1XntLmoiW3Lr4nbHugeb8/Js4WDZz8RaVHOdlotuH/YOv9cxna','Nasabah'),
(136,'U00132','Men Sukarta','Br. Kayubihi','Perempuan','sukarta','$2y$10$WH6yoly9HwafA3.Wx2mCy.DYCHnwiT4C.MMFxxaRCzTbqe/LDtAD.','Nasabah'),
(137,'U00133','Ni Komang Mertini','Br. Gebagan','Perempuan','mertini','$2y$10$17bhB.m1yZanrnpMk/BqkeNwc0pWS5Id29jBuH.tgHwhy2lH7O3gi','Nasabah'),
(138,'U00134','I Ketut Jasir','Br. Pucangan','Laki-Laki','jasir','$2y$10$H.D/sqdlWhejvrrn4qcAy.QvjLARg619Cl6yhhKZI6MQR4zQWqRuC','Nasabah'),
(139,'U00135','Ni Putu Sacita P.P','Br. Kayubihi','Perempuan','sacita','$2y$10$zcVOm2P6ikn4a85I3HjY8OSY1W.2T9ej5t/bmz7o3uCQWjtIsAP2a','Nasabah'),
(140,'U00136','Ni Nengah Sunarti','Br. Gebagan','Perempuan','sunarti','$2y$10$Ltdv7/ecX246ssjZgohlreyAaM0cFcAfC20ANexOiC.oh5/k3PCxe','Nasabah'),
(141,'U00137','Luh Hendrayani','Br. Jangkaan','Perempuan','hendrayani','$2y$10$Zx6bpEJo2X37zb/7jIGhvOtQD/GNuhpao.EmeeVKzNdhGVAIwdoX2','Nasabah'),
(142,'U00138','I Ketut Oka','Br. Jangkaan','Laki-Laki','oka','$2y$10$OIbOvG.UPpPtJ1k8Dlk7VeWtLbl3cgmFlDDzGWaw/JjKPn5QMGg.e','Nasabah'),
(143,'U00139','I Wayan Astana','Br. Pucangan','Laki-Laki','astana','$2y$10$GhtkSU/ObPRw6u0VTCIg.OSX/wBIi2xB/7FC93FiG54AfT.yDbvb.','Nasabah'),
(144,'U00140','Seka Jimpitan','Br. Mampeh','Perempuan','jimpitan','$2y$10$0cMuxAdwhJ1umKjQkK9.5eB5sgSeriVHwaKri9rIJiY0lluu2oQUK','Nasabah'),
(145,'U00141','I Nengah Dita Wirawan 2','Br. Kayubihi','Laki-Laki','ditawirawan2','$2y$10$tpwwBKkaNFkBvZMY4e1TouLMAFG.TOyiH8nYr7DEIpa4l/B42JVe2','Nasabah'),
(146,'U00142','I Gede Yoga Cahyana Putra','Br. Kayubihi','Laki-Laki','cahyanaputra','$2y$10$lFmEvETZnoIRxUBpLDfSZ.czfsDU1SvUTig8IEo5VBR0RReQYki6.','Nasabah'),
(147,'U00143','Men Sudiani','Br. Gebagan','Perempuan','mensudiani','$2y$10$kZH/IB.k4HCFs52.KdABfuau6OsA7vrktih9W4.pp7.AmNvPlyrTG','Nasabah'),
(148,'U00144','I Nengah Arnopa','Br. Mampeh','Laki-Laki','arnopa','$2y$10$VVWfGYa7VyehmFqS5YuGCO5ROZL7ROMZovQT2Gy1mG1nLpDMwtFjS','Nasabah'),
(149,'U00145','Ni Wayan Widia Ekarani','Br. Kayubihi','Perempuan','ekarani','$2y$10$5lVtlObdqD4Eez.GITL1qunMF32cPfnJfB2OHv6N0lBzFzPMXy2fW','Nasabah'),
(150,'U00146','Men Carik','Br. Gebagan','Perempuan','carik','$2y$10$SbgNkasDmzJ9RWICW8aZeeJQFSXg0loas/py5D40dZORt0ROukD.y','Nasabah'),
(151,'U00147','Ni Nengah Dewina Danti','Br. Kayubihi','Perempuan','danti','$2y$10$dSvpHczTNKoqeuzBqcqN/.GvNxsJ5h9deFfaoEuUUup5RIUvjA6mu','Nasabah'),
(152,'U00148','Luh Wijayanti','Br. Gebagan','Perempuan','wijayanti','$2y$10$bt9tEMbj7.yg/Mj2oQnnQuXBX3R0T5tEecjGQ0AGujnZbtsH0pK7u','Nasabah'),
(153,'U00149','I Dw A . A Arsani Dewi','Br. Kayubihi','Perempuan','arsanidewi','$2y$10$9kVa/BEEVV/o2Aixxw31iOu3PejslIseXFg2G3JcHEPBAYj3qM.Iq','Nasabah'),
(154,'U00150','I Nengah Sumarta','Br. Jangkaan','Laki-Laki','sumarta','$2y$10$.FfV6IMKfy9asbQYaFb6cubYcekF9WqP.vSna7Y4DmHnQwfNHV16W','Nasabah'),
(155,'U00151','Prawira Adhitya','Br. Mampeh','Laki-Laki','adhitya','$2y$10$ZjI41Ozoxda7iYL8bYdfXO/kqzznRyeG3B3qUz43bmB4I.PbiqEIe','Nasabah'),
(156,'U00152','Nang Ranting','Br. Jangkaan','Laki-Laki','ranting','$2y$10$teJ5k0ukypseBn7FXtQitOCcMibQFjsQ5p5yCYCgzVnTazJyPhPz2','Nasabah'),
(157,'U00153','I Made Arianto','Br. Kayubihi','Laki-Laki','arianto','$2y$10$sWr.97REs26t6UtXB7bdS.fpWze47eQhcMekku58GYsR5Dpyu3N5W','Nasabah'),
(158,'U00154','I Dw A. Satria Wibawa','Br. Kayubihi','Laki-Laki','wibawa','$2y$10$wqhUGSZXT7Rwmc90gDDi5.2kFmVYV3CWUUMqGdgvP.hIC2J1teF6e','Nasabah'),
(159,'U00155','I Nengah Tresna','Br. Pucangan','Laki-Laki','tresna','$2y$10$tm0TWOfo4Nx/2mAS21UB/u.WPuiSeFAN18TUUPmIS/NdXQX4sNeFO','Nasabah'),
(160,'U00156','I Gede Darma Antara Yadnya','Mampeh','Laki-Laki','yadnya','$2y$10$9IgMTww7W9hfXa6Unoj92e/3zz9icrMR.v3/HE6gSiwKm3iAVeN2i','Nasabah'),
(161,'U00157','Ni Nengah Nitarianti','Br. Pucangan','Perempuan','nitarianti','$2y$10$06TgSZKPZbEoGMJ8Q2IMxOcEjHtZkb82yghwiIclBlb/b5b06PE4u','Nasabah'),
(162,'U00158','Nang Rumasih','Br. Pucangan','Laki-Laki','rumasih','$2y$10$9iG.cq4jlwsro8eifcOeUOu2apNZtKK69szjSqN7Sl6Up0ONiuTm.','Nasabah'),
(163,'U00159','Ni Komang Masih','Br. Gebagan','Perempuan','masih','$2y$10$lnXKTiSnhLdc8wUh7j0YBe7TLsa0uKAkRp4LvFJEjgTGQRbP264MG','Nasabah'),
(164,'U00160','I Wayan Artana','Br. Kayubihi','Laki-Laki','artana','$2y$10$hiF5ydWoGACe3D.Xf6v2Ce4BlAenlhpobw7egZTGVMnkBzoAJ6vv2','Nasabah'),
(165,'U00161','Ni Nengah Rindi Jayanti','Br. Mampeh','Perempuan','jayanti','$2y$10$YVuoEZTxfmJeuzou5SCyp.hkUVC3X8a5AU4lLEfytUyHjfX27QELy','Nasabah'),
(166,'U00162','Ni Wayan Suri','Br. Pucangan','Perempuan','suri','$2y$10$jVUKIrCjnmrURWwFtKNSwOyMXjRyoQYDMBX9DQpcPtLQsIvo1yAWG','Nasabah'),
(167,'U00163','Ni Nengah Yudiani','Br. Kayubihi','Perempuan','yudiani','$2y$10$1vUXcsJIUtMrG101Y0/aNumXgoj94LMqKBALGvDCpLxNowW.XpMSC','Nasabah'),
(168,'U00164','I Dw A . A Rismawati SSTP','Br. Kayubihi','Perempuan','rismawati','$2y$10$Z5hoHUfR7VrQvtMQaEWaa.m9gqKTLIJmXOBb.TxkJVzNTSOW5BpNm','Nasabah'),
(169,'U00165','I Nyoman Jatiawan 2','Br. Kayubihi','Laki-Laki','jatiawannasabah2','$2y$10$mrmZZ4XqKoNwzjoLB3b6B.SdewKz4a0FLpvraKrzflv56NTuUYe1S','Nasabah'),
(170,'U00166','I Nengah Suardika','Br. Pucangan','Laki-Laki','suardika','$2y$10$QnfInpmD0UPm9cz2aPEF9u.l9Xv/bod0VPHHCN2fuHd5PI5F/1dhi','Nasabah'),
(171,'U00167','Jro Guru Sedana','Br. Kayubihi','Laki-Laki','sedana','$2y$10$4LUSQpIbG46yd8ZolQamXu4yYWtqjrDzhI8sdzfeHwdtHkzsbYiIi','Nasabah'),
(172,'U00168','Ni Wayan Winda','Br. Jangkaan','Perempuan','winda','$2y$10$e65kTCawiqysrEdlASNaLOvAXV28opRM/1I3MlMiQbNwZhC6lPQjO','Nasabah'),
(173,'U00169','Ni Nengah Parmiasih','Br. Kayubihi','Perempuan','parmiasih','$2y$10$unjEAyAh5lf9lArNp3rBK.70kEQzyo3ks8V7RdMVnkNkoc7FNLdyG','Nasabah'),
(174,'U00170','I Wayan Kertayana','Br. Kayubihi','Laki-Laki','kertayana','$2y$10$JBCCrMjHDau941Vh.kgRVO0rrj3OjpfBclrLBHXtx0xoDPRKGmM4S','Nasabah'),
(175,'U00171','I Nengah Bulat','Br. Mampeh','Laki-Laki','bulat','$2y$10$rmdBd2N7txagrEvrqivSve0MadnvRHZgUXbXpfjW/K/THf0SqStl2','Nasabah'),
(176,'U00172','Kadek Siratarayana','Br. Gebagan','Laki-Laki','siratarayana','$2y$10$EcPtaNV4i8d.p7wm09PNHuirurBl.yuY31mOh7vEUPiy8Np02wTRW','Nasabah'),
(177,'U00173','Me Yanti','Br. Pucangan','Perempuan','yanti','$2y$10$TZ5fDhp8vwRJmvo2ckepL.gt/4v/aZt1r1p/QkcLDnrBqytnOcIde','Nasabah'),
(178,'U00174','Me Parjanayasa','Br. Gebagan','Perempuan','meparjanayasa','$2y$10$iGjOhPM1RQk9YNSpOF14Ouzejm1QtsYEkC7Flv9SfQs4E4QuN.cW6','Nasabah'),
(179,'U00175','Ni Nyoman Sariasi','Br. Kayubihi','Perempuan','sariasi','$2y$10$arfnGhSezwAq6TO4rfttvO3X2wIMGHYUgWugr.y1kppqNSnnEx2oe','Nasabah'),
(180,'U00176','I Wayan Wardina Adi Putra','Br. Kayubihi','Laki-Laki','adiputra','$2y$10$gwIcastEDgzGltjnSv.Ete.H1Ywip.hkwm3oSRwgadOlW/ODJmEca','Nasabah'),
(181,'U00177','Dupa Shanti','Br. Jangkaan','Laki-Laki','shanti','$2y$10$s8S89zK.9ITvlIAbKa5EQeP.8.W26jpMLHRPpO3r9SbFEcJdTruK2','Nasabah'),
(182,'U00178','I Wayan Yoga Saputra Yana','Br. Pucangan','Laki-Laki','yoga','$2y$10$TAMCAaEeOsWIyxK9x/rXo.BabLp73laqN8sIkSKhoRU8HeW1Vf7Kq','Nasabah'),
(183,'U00179','Kelompok Buah Karya Guna','Br. Pucangan','Laki-Laki','kelompokbuah','$2y$10$bm7aRncm2rNMFFMhPPpK5ODCA6AdBzAfB1OFTR9VgNYUhhylCEMzu','Nasabah'),
(184,'U00180','Bumdes Mertha Buana','Br. Kayubihi','Laki-Laki','bumdes','$2y$10$GjnLqFkrx2nj3L/prpH09uoup0vOzYTY/x7gXFuEkXsdKmBY1bj6a','Nasabah'),
(185,'U00181','Ni Wayan Darmayu 2','Br. Mampeh','Perempuan','darmayu2','$2y$10$mp5H9tJxxQ.UH5LhrCKn9O3tmtqv75CqCeQscVoYrO..Ukoesl5Yq','Nasabah'),
(186,'U00182','I Wayan Wenten','Br. Pucangan','Laki-Laki','wenten','$2y$10$RMURfyMBBnMUEET4mIQtQeep58LVTYjXhTivObDwQaryq0djkQ85O','Nasabah'),
(187,'U00183','Nang Lestari','Br. Pucangan','Laki-Laki','nanglestari','$2y$10$jbpHXU8H849zniDKMp4aROA8nAkWnBL8mAMY17N.j33tIozMAYSci','Nasabah'),
(188,'U00184','I Gede Artha Adhi Wiryatama','Br. Kayubihi','Laki-Laki','wiryatama','$2y$10$AsFhjpGut73ivrbrdtCI/.D.d.rNbgPeSOXSPdu.Ob97.dDc/ZdBK','Nasabah'),
(189,'U00185','I Nengah Dita Wirawan','Br. Kayubihi','Laki-Laki','ditawirawan','$2y$10$ttT9.pHNUdLqMOAG3/wQcu0QLvC6EaSaqc.8y/3rkCAJnqEDy53bG','Nasabah'),
(190,'U00186','Me Sudiartini','Br. Pucangan','Perempuan','sudiartini','$2y$10$XD7aeIdikuYS3Ud/xcUOYuNqZqngRcl2/OSY.ogeyO/f453h9GgWW','Nasabah'),
(191,'U00187','Seka Gong Gita Yowana Praja','Br. Kayubihi','Laki-Laki','gyp','$2y$10$GQOL7pCn9djgvNQI/OoIKuwbgCqv.xbf3v8.KvcZDUTQpBQPoUw8u','Nasabah'),
(192,'U00188','Seka Yeh Merta Sinar S. S','Br. Kayubihi','Laki-Laki','sekayehmertasinar','$2y$10$mmDqEY.76Da3cL78rDfr6.VtS6SwmqJKtEcElzGfsj4LuTherc44u','Nasabah'),
(193,'U00189','Kadek Ari Dwipayana','Br. Jangkaan','Laki-Laki','dwipayana','$2y$10$i9cMCU13dmBa0ffM4x6gDOCz7f5glOAkKyKJZ6fquD8RTwG6bAg6W','Nasabah'),
(194,'U00190','Men Dumun 2','Br. Kayubihi','Perempuan','dumun2','$2y$10$ZOxE1IyJgHQhWfX4aidaMOWVCsvyWLBXjswvmMHc.C8fUM/NE38hS','Nasabah'),
(195,'U00191','I Nyoman Buyar','Br. Kayubihi','Laki-Laki','buyar','$2y$10$cPV4fVSoxlL/N1dNkng0AOVgMRtvc.rQB3baFAsTrQ1gf0r/.MMgK','Nasabah'),
(196,'U00192','I Wayan Sudarma Dirgaha','Br. Jangkaan','Laki-Laki','dirgaha','$2y$10$qkWMkAtAB6yeX1P6frUdT.pT3/HvUAdnDDI4NYKEX8HrtvpMLUsw6','Nasabah'),
(197,'U00193','Men Srianti','Br. Gebagan','Perempuan','srianti','$2y$10$CSDXqGIaAb0kdZFKDGyVpurFTaOXj4c3wDwOm9zRZzgaFiEf8ASVi','Nasabah'),
(198,'U00194','Ni Wayan Srianti','Br. Gebagan','Perempuan','srianti','$2y$10$xNLVV5a/Wh8rGqgRA9zlnukMv6kFCAbjqkJFkoHmJ2znczSy3woje','Nasabah'),
(199,'U00195','Ni Nengah Anjani','Br. Mampeh','Perempuan','anjani','$2y$10$DTJR48Y7N1N2p5HSmYaZ2.eM1duKr8EuRKnGwmB3ZflZmCSSmfIOO','Nasabah'),
(200,'U00196','I Wayan Suweter','Br. Gebagan','Laki-Laki','suweter','$2y$10$iGdsFv4k3.YLGtjRmEnNYeWnOywDHsRIGvd5kZh4ofMyc1h0ydR6G','Nasabah'),
(201,'U00197','I Kadek Edo Giri Artha','Payangan, Gianyar, Bali','Laki-Laki','edo','$2y$10$vm0rdztRxZk3vSNU25VNseMF1UpabDFimdKnwSgq4JzTx6HcCmGsm','Nasabah'),
(202,'U00198','I Ketut Kariada','Banjar Dinas Kayubihi, Bangli','Laki-Laki','Ratnasih','$2y$10$RcAOwWA7WMeLf9Vav6CP5eBSxQ6liH0bCK6f3T7E2i8bP9dG.4JOm','Kolektor'),
(203,'U00199','I Ketut Ardana','Banjar Dinas Kayubihi, Bangli','Laki-Laki','Ardana','$2y$10$AOwUj5W1pLYwJuPgceViEeoF2PysY52m3W.8l/onHd6bNb0ZXCEdi','Kolektor'),
(204,'U00200','Santika','Bangli','Laki-Laki','aku','$2y$10$hWUCmXTqRaZcJqTDtqqPf.F9.mMKZc87Zv3gHAkJU.KJPnjxom1Qu','Nasabah');

/*Table structure for table `t_simpan_tabungan` */

DROP TABLE IF EXISTS `t_simpan_tabungan`;

CREATE TABLE `t_simpan_tabungan` (
  `id` int(11) NOT NULL AUTO_INCREMENT,
  `nominal_setoran` float DEFAULT 0,
  `tanggal` date DEFAULT NULL,
  `user_id` int(11) DEFAULT NULL,
  `tabungan_id` int(11) DEFAULT NULL,
  `saldo_awal` float DEFAULT 0,
  `saldo_akhir` float DEFAULT 0,
  PRIMARY KEY (`id`),
  KEY `t_simpan_tabungan_fk1` (`user_id`),
  KEY `t_simpan_tabungan_fk2` (`tabungan_id`),
  CONSTRAINT `t_simpan_tabungan_fk1` FOREIGN KEY (`user_id`) REFERENCES `m_user` (`id`) ON DELETE CASCADE ON UPDATE CASCADE,
  CONSTRAINT `t_simpan_tabungan_fk2` FOREIGN KEY (`tabungan_id`) REFERENCES `m_tabungan` (`id`) ON DELETE CASCADE ON UPDATE CASCADE
) ENGINE=InnoDB AUTO_INCREMENT=271 DEFAULT CHARSET=utf8mb4;

/*Data for the table `t_simpan_tabungan` */

insert  into `t_simpan_tabungan`(`id`,`nominal_setoran`,`tanggal`,`user_id`,`tabungan_id`,`saldo_awal`,`saldo_akhir`) values 
(9,100000,'2022-09-24',8,12,0,100000),
(10,20000,'2022-10-09',8,12,90000,110000),
(11,50000,'2022-10-09',7,14,0,50000),
(12,200000,'2022-10-09',7,14,50000,250000),
(13,500000,'2022-10-10',7,15,0,500000),
(14,100000,'2022-10-10',7,15,500000,600000),
(15,1000000,'2022-10-28',7,16,0,1000000),
(16,50000,'2022-10-28',7,16,1000000,1050000),
(17,50000,'2022-11-17',7,16,950000,1000000),
(18,100000,'2022-11-21',7,12,110000,210000),
(19,200000,'2022-11-21',7,13,0,200000),
(20,500000,'2022-09-02',16,18,0,500000),
(21,4500000,'2022-09-02',16,19,0,4500000),
(22,1400000,'2022-09-02',16,20,0,1400000),
(23,77000,'2022-09-02',16,21,0,77000),
(24,500000,'2022-09-02',16,22,0,500000),
(25,5000000,'2022-09-02',16,23,0,5000000),
(26,1900000,'2022-09-02',16,24,0,1900000),
(27,1700000,'2022-09-02',16,25,0,1700000),
(28,700000,'2022-09-05',17,26,0,700000),
(29,1000000,'2022-09-05',17,29,0,1000000),
(30,750000,'2022-09-05',17,30,0,750000),
(31,21000000,'2022-09-05',17,32,0,21000000),
(32,1000000,'2022-09-05',17,37,0,1000000),
(33,240000,'2022-09-05',17,41,0,240000),
(34,1500000,'2022-11-21',18,27,0,1500000),
(35,500000,'2022-09-05',18,28,0,500000),
(36,2050000,'2022-09-05',18,31,0,2050000),
(37,50000,'2022-09-05',18,33,0,50000),
(38,50000,'2022-09-05',18,34,0,50000),
(39,50000,'2022-09-05',18,35,0,50000),
(40,19986900,'2022-09-05',18,36,0,19986900),
(41,700000,'2022-09-05',18,38,0,700000),
(42,100000,'2022-09-05',18,39,0,100000),
(43,400000,'2022-09-05',18,40,0,400000),
(44,8000000,'2022-09-05',18,42,0,8000000),
(45,5000000,'2022-09-05',18,43,0,5000000),
(46,2530000,'2022-09-05',18,44,0,2530000),
(47,2000000,'2022-09-05',18,45,0,2000000),
(48,500000,'2022-09-05',18,46,0,500000),
(49,5000000,'2022-09-06',18,57,0,5000000),
(50,2685000,'2022-09-06',17,55,0,2685000),
(51,1000000,'2022-09-06',17,56,0,1000000),
(52,500000,'2022-09-06',17,58,0,500000),
(53,500000,'2022-09-06',17,59,0,500000),
(54,7500000,'2022-09-06',17,60,0,7500000),
(55,100000,'2022-09-07',17,63,0,100000),
(56,300000,'2022-09-07',17,66,0,300000),
(57,800000,'2022-09-07',18,64,0,800000),
(58,2400000,'2022-09-07',18,65,0,2400000),
(59,10095000,'2022-09-07',18,40,400000,10495000),
(60,300000,'2022-09-07',18,18,500000,800000),
(61,3000000,'2022-09-07',18,67,0,3000000),
(62,200000,'2022-09-07',18,68,0,200000),
(63,200000,'2022-09-07',18,69,0,200000),
(64,66000,'2022-09-07',18,21,77000,143000),
(65,200000,'2022-09-08',18,72,0,200000),
(66,1250000,'2022-09-08',17,73,0,1250000),
(67,7300000,'2022-09-08',17,74,0,7300000),
(68,8800000,'2022-09-08',17,75,0,8800000),
(69,1900000,'2022-09-08',17,76,0,1900000),
(70,4000000,'2022-09-09',17,79,0,4000000),
(71,2500000,'2022-09-09',17,80,0,2500000),
(72,1000000,'2022-09-09',18,81,0,1000000),
(73,23000000,'2022-09-09',18,82,0,23000000),
(74,6700000,'2022-09-09',18,166,0,6700000),
(75,5000000,'2022-09-09',18,83,0,5000000),
(76,13000000,'2022-09-09',18,23,5000000,18000000),
(77,10000000,'2022-09-12',18,95,0,10000000),
(78,250000,'2022-09-12',18,96,0,250000),
(79,13000000,'2022-09-12',18,82,23000000,36000000),
(80,3000000,'2022-09-12',18,44,2530000,5530000),
(81,600000,'2022-09-12',18,98,0,600000),
(82,100000,'2022-09-12',18,39,100000,200000),
(83,700000,'2022-09-12',18,38,700000,1400000),
(84,700000,'2022-09-12',18,40,10495000,11195000),
(85,500000,'2022-09-12',18,99,0,500000),
(86,2500000,'2022-09-13',18,101,0,2500000),
(87,1388000,'2022-09-13',18,102,0,1388000),
(88,200000,'2022-09-13',18,18,800000,1000000),
(89,1000000,'2022-09-13',18,105,0,1000000),
(90,1200000,'2022-09-13',17,103,0,1200000),
(91,300000,'2022-09-13',17,104,0,300000),
(92,500000,'2022-09-13',17,37,1000000,1500000),
(93,1000000,'2022-09-13',17,25,1700000,2700000),
(94,2800000,'2022-09-13',17,106,0,2800000),
(95,49000,'2022-09-14',17,110,0,49000),
(96,700000,'2022-09-14',17,111,0,700000),
(97,5000000,'2022-09-14',18,42,8000000,13000000),
(98,44000,'2022-09-14',18,21,143000,187000),
(99,2000000,'2022-09-14',18,45,2000000,4000000),
(100,500000,'2022-09-14',18,46,500000,1000000),
(101,3850000,'2022-09-15',18,48,0,3850000),
(102,129000,'2022-09-15',17,115,0,129000),
(103,3000000,'2022-09-16',17,117,0,3000000),
(104,1500000,'2022-09-16',17,19,4500000,6000000),
(105,500000,'2022-09-16',18,31,2050000,2550000),
(106,10000000,'2022-09-16',18,118,0,10000000),
(107,1500000,'2022-09-16',18,119,0,1500000),
(108,168000,'2022-09-16',18,120,0,168000),
(109,300000,'2022-09-16',18,40,11195000,11495000),
(110,100000,'2022-09-16',18,121,0,100000),
(111,5000000,'2022-09-16',18,122,0,5000000),
(112,1000000,'2022-09-16',18,123,0,1000000),
(113,88000,'2022-09-19',18,21,187000,275000),
(114,500000,'2022-09-19',18,18,1000000,1500000),
(115,10000000,'2022-09-19',18,134,0,10000000),
(116,12000000,'2022-09-19',18,42,13000000,25000000),
(117,3000000,'2022-09-19',18,136,0,3000000),
(118,24000000,'2022-09-19',18,82,36000000,60000000),
(119,50000,'2022-09-19',18,137,0,50000),
(120,700000,'2022-09-19',18,38,1400000,2100000),
(121,100000,'2022-09-19',18,39,200000,300000),
(122,50000,'2022-09-19',18,34,50000,100000),
(123,50000,'2022-09-19',18,33,50000,100000),
(124,50000,'2022-09-19',18,35,50000,100000),
(125,1200000,'2022-09-19',18,138,0,1200000),
(126,400000,'2022-09-19',18,139,0,400000),
(127,3280000,'2022-09-19',18,44,5530000,8810000),
(128,2000000,'2022-09-19',18,135,0,2000000),
(129,1400000,'2022-09-20',18,141,0,1400000),
(130,100000000,'2022-09-20',18,144,0,100000000),
(131,6000000,'2022-09-20',18,54,0,6000000),
(132,5670000,'2022-09-20',17,55,2685000,8355000),
(133,5000000,'2022-09-20',17,142,0,5000000),
(134,4600000,'2022-09-20',17,143,0,4600000),
(135,200000,'2022-09-21',18,146,0,200000),
(136,50000,'2022-09-21',18,147,0,50000),
(137,400000,'2022-09-21',18,148,0,400000),
(138,1130000,'2022-09-21',18,149,0,1130000),
(139,980000,'2022-09-21',18,99,500000,1480000),
(140,1200000,'2022-09-21',18,150,0,1200000),
(141,2000000,'2022-09-21',18,45,4000000,6000000),
(142,300000,'2022-09-21',18,46,1000000,1300000),
(143,500000,'2022-09-22',18,153,0,500000),
(144,33000,'2022-09-22',18,21,275000,308000),
(145,1000000,'2022-09-22',18,154,0,1000000),
(146,11000000,'2022-09-22',18,155,0,11000000),
(147,40000000,'2022-09-22',17,152,0,40000000),
(148,3000000,'2022-09-23',17,160,0,3000000),
(149,2100000,'2022-09-23',18,65,2400000,4500000),
(150,8000000,'2022-09-23',18,118,10000000,18000000),
(151,500000,'2022-09-23',18,159,0,500000),
(152,50000,'2022-09-23',18,147,50000,100000),
(153,500000,'2022-09-24',18,163,0,500000),
(154,33000,'2022-09-24',18,21,308000,341000),
(155,700000,'2022-09-24',18,164,0,700000),
(156,750000,'2022-09-24',18,166,6700000,7450000),
(157,702000,'2022-09-24',17,165,0,702000),
(158,5000000,'2022-09-26',17,171,0,5000000),
(159,850000,'2022-09-26',17,173,0,850000),
(160,5000000,'2022-09-26',17,37,1500000,6500000),
(161,1065000,'2022-09-26',17,177,0,1065000),
(162,35000,'2022-09-26',18,21,341000,376000),
(163,2000000,'2022-09-26',18,172,0,2000000),
(164,50000,'2022-09-26',18,35,100000,150000),
(165,50000,'2022-09-26',18,137,50000,100000),
(166,50000,'2022-09-26',18,34,100000,150000),
(167,50000,'2022-09-26',18,33,100000,150000),
(168,50000,'2022-09-26',18,147,100000,150000),
(169,200000,'2022-09-26',18,174,0,200000),
(170,200000,'2022-09-26',18,175,0,200000),
(171,200000,'2022-09-26',18,176,0,200000),
(172,700000,'2022-09-26',18,38,2100000,2800000),
(173,100000,'2022-09-26',18,39,300000,400000),
(174,1000000,'2022-09-26',18,27,1500000,2500000),
(175,2500000,'2022-09-26',18,28,500000,3000000),
(176,500000,'2022-09-26',18,178,0,500000),
(177,6000000,'2022-09-28',18,42,25000000,31000000),
(178,24230000,'2022-09-28',18,180,0,24230000),
(179,5000000,'2022-09-28',18,61,0,5000000),
(180,2100000,'2022-09-28',17,80,2500000,4600000),
(181,700000,'2022-09-27',17,182,0,700000),
(182,21000000,'2022-09-27',17,32,21000000,42000000),
(183,15700000,'2022-09-27',17,74,7300000,23000000),
(184,15000000,'2022-09-27',18,183,0,15000000),
(185,20000000,'2022-09-27',18,184,0,20000000),
(186,3000000,'2022-09-27',18,185,0,3000000),
(187,200000,'2022-09-27',18,186,0,200000),
(188,500000,'2022-09-27',18,187,0,500000),
(189,420000,'2022-09-27',18,61,5000000,5420000),
(190,1680000,'2022-09-27',18,44,8810000,10490000),
(191,2500000,'2022-09-27',18,188,0,2500000),
(192,2000000,'2022-09-29',18,191,0,2000000),
(193,15000000,'2022-09-29',18,192,0,15000000),
(194,636000,'2022-09-29',18,193,0,636000),
(195,1500000,'2022-09-29',18,194,0,1500000),
(196,100000,'2022-09-29',18,195,0,100000),
(197,10000000,'2022-09-29',18,183,15000000,25000000),
(198,3290000,'2022-09-30',18,196,0,3290000),
(199,1484000,'2022-09-30',18,197,0,1484000),
(200,33000,'2022-09-30',18,21,376000,409000),
(201,1800000,'2022-09-30',18,24,1900000,3700000),
(202,2000000,'2022-09-30',17,198,0,2000000),
(203,1450000,'2022-08-22',17,47,0,1450000),
(204,49750000,'2022-08-22',17,50,0,49750000),
(205,1310000,'2022-08-22',17,51,0,1310000),
(206,8941000,'2022-08-22',17,53,0,8941000),
(207,6341000,'2022-08-22',18,48,3850000,10191000),
(208,9900000,'2022-08-22',18,49,0,9900000),
(209,67687000,'2022-08-22',18,52,0,67687000),
(210,13000000,'2022-08-22',18,54,6000000,19000000),
(211,15000000,'2022-08-22',18,61,5420000,20420000),
(212,206000,'2022-08-22',17,62,0,206000),
(213,7146000,'2022-08-22',18,71,0,7146000),
(214,8970000,'2022-08-22',18,65,4500000,13470000),
(215,20600000,'2022-08-22',18,78,0,20600000),
(216,13400000,'2022-08-22',17,77,0,13400000),
(217,4040000,'2022-08-22',17,84,0,4040000),
(218,1270000,'2022-08-22',17,85,0,1270000),
(219,6800000,'2022-08-22',17,86,0,6800000),
(220,1460000,'2022-08-22',17,88,0,1460000),
(221,6031000,'2022-08-22',17,90,0,6031000),
(222,46400000,'2022-08-22',17,91,0,46400000),
(223,12027000,'2022-08-22',17,92,0,12027000),
(224,16524000,'2022-08-22',18,87,0,16524000),
(225,2872000,'2022-08-22',18,89,0,2872000),
(226,30761000,'2022-08-22',18,78,8600000,39361000),
(227,91465000,'2022-08-22',18,100,0,91465000),
(228,83130000,'2022-08-22',18,95,10000000,93130000),
(229,11524000,'2022-08-22',17,107,0,11524000),
(230,28570000,'2022-08-22',17,108,0,28570000),
(231,28300000,'2022-08-22',17,109,0,28300000),
(232,14000000,'2022-08-22',17,112,0,14000000),
(233,429000,'2022-08-22',17,113,0,429000),
(234,54000000,'2022-08-22',17,114,0,54000000),
(235,38000000,'2022-08-22',17,116,0,38000000),
(236,35000000,'2022-08-22',18,124,0,35000000),
(237,15800000,'2022-08-22',18,126,0,15800000),
(238,60000000,'2022-08-22',18,125,0,60000000),
(239,45000000,'2022-08-22',18,127,0,45000000),
(240,2800000,'2022-08-22',18,128,0,2800000),
(241,9500000,'2022-08-22',18,132,0,9500000),
(242,9500000,'2022-08-22',18,133,0,9500000),
(243,51000000,'2022-08-22',17,129,0,51000000),
(244,13000000,'2022-08-22',17,130,0,13000000),
(245,3170000,'2022-08-22',17,131,0,3170000),
(246,8500000,'2022-08-22',17,103,1200000,9700000),
(247,476000,'2022-08-22',17,145,0,476000),
(248,22000000,'2022-08-22',17,151,0,22000000),
(249,19000000,'2022-08-22',17,156,0,19000000),
(250,2739000,'2022-08-22',18,157,0,2739000),
(251,15000000,'2022-08-22',18,158,0,15000000),
(252,26000000,'2022-08-22',18,99,1480000,27480000),
(253,28000000,'2022-08-22',17,108,18570000,46570000),
(254,6000000,'2022-08-22',17,161,0,6000000),
(255,13000000,'2022-08-22',17,162,0,13000000),
(256,3000000,'2022-08-22',17,169,0,3000000),
(257,5000000,'2022-08-22',18,167,0,5000000),
(258,5500000,'2022-08-22',18,168,0,5500000),
(259,27000000,'2022-08-22',18,170,0,27000000),
(260,37000000,'2022-08-22',18,179,0,37000000),
(261,98000000,'2022-08-22',18,23,17900000,115900000),
(262,9000000,'2022-08-22',17,181,0,9000000),
(263,22000000,'2022-08-22',17,189,0,22000000),
(264,1000000,'2022-08-22',17,190,0,1000000),
(265,14000000,'2022-08-22',17,193,636000,14636000),
(266,321000,'2022-08-22',17,199,0,321000),
(267,100000,'2022-11-22',16,12,210000,310000),
(268,20000,'2022-12-01',7,12,260000,280000),
(269,10000,'2022-12-20',8,12,270000,280000),
(270,10000,'2022-12-20',7,12,280000,290000);

/*Table structure for table `t_tarik_tabungan` */

DROP TABLE IF EXISTS `t_tarik_tabungan`;

CREATE TABLE `t_tarik_tabungan` (
  `id` int(11) NOT NULL AUTO_INCREMENT,
  `nominal_penarikan` float DEFAULT 0,
  `tanggal` date DEFAULT NULL,
  `user_id` int(11) DEFAULT NULL,
  `tabungan_id` int(11) DEFAULT NULL,
  `saldo_awal` float DEFAULT 0,
  `saldo_akhir` float DEFAULT 0,
  PRIMARY KEY (`id`)
) ENGINE=InnoDB AUTO_INCREMENT=95 DEFAULT CHARSET=utf8mb4;

/*Data for the table `t_tarik_tabungan` */

insert  into `t_tarik_tabungan`(`id`,`nominal_penarikan`,`tanggal`,`user_id`,`tabungan_id`,`saldo_awal`,`saldo_akhir`) values 
(3,10000,'2022-09-24',8,12,100000,90000),
(4,20000,'2022-10-09',7,14,250000,230000),
(5,50000,'2022-10-10',7,15,600000,550000),
(6,100000,'2022-10-28',7,16,1050000,950000),
(7,50000,'2022-11-21',7,13,200000,150000),
(8,30000,'2022-11-20',7,14,230000,200000),
(9,1400000,'2022-09-05',17,47,1450000,50000),
(10,4000000,'2022-09-05',17,50,49750000,45750000),
(11,1300000,'2022-09-05',17,51,1310000,10000),
(12,2000000,'2022-09-05',17,53,8941000,6941000),
(13,2500000,'2022-09-05',18,48,10191000,7691000),
(14,1200000,'2022-09-05',18,49,9900000,8700000),
(15,2000000,'2022-09-05',18,52,67687000,65687000),
(16,2000000,'2022-09-05',18,54,19000000,17000000),
(17,4500000,'2022-09-06',18,61,20420000,15920000),
(18,200000,'2022-09-06',17,62,206000,6000),
(19,4700000,'2022-09-07',18,49,8700000,4000000),
(20,1100000,'2022-09-07',18,71,7146000,6046000),
(21,8500000,'2022-09-08',18,65,13470000,4970000),
(22,12000000,'2022-09-08',18,78,20600000,8600000),
(23,2000000,'2022-09-08',17,77,13400000,11400000),
(24,4000000,'2022-09-09',17,84,4040000,40000),
(25,750000,'2022-11-22',17,85,1270000,520000),
(26,1300000,'2022-09-09',17,86,6800000,5500000),
(27,200000,'2022-09-09',17,88,1460000,1260000),
(28,1000000,'2022-09-09',17,90,6031000,5031000),
(29,25000000,'2022-09-09',17,91,46400000,21400000),
(30,11000000,'2022-09-09',17,92,12027000,1027000),
(31,15000000,'2022-09-09',18,87,16524000,1524000),
(32,400000,'2022-09-09',18,89,2872000,2472000),
(33,200000,'2022-09-09',18,40,11495000,11295000),
(34,100000,'2022-09-09',18,23,18000000,17900000),
(35,4500000,'2022-09-12',17,53,6941000,2441000),
(36,20000000,'2022-09-12',18,78,39361000,19361000),
(37,10000000,'2022-09-12',18,100,91465000,81465000),
(38,25000000,'2022-09-12',18,95,93130000,68130000),
(39,1000000,'2022-09-13',18,54,17000000,16000000),
(40,10000000,'2022-09-13',17,107,11524000,1524000),
(41,10000000,'2022-09-13',17,108,28570000,18570000),
(42,1000000,'2022-09-13',17,54,16000000,15000000),
(43,3000000,'2022-09-14',17,112,14000000,11000000),
(44,7500000,'2022-09-14',17,40,11295000,3795000),
(45,300000,'2022-09-14',17,113,429000,129000),
(46,20000000,'2022-09-14',17,114,54000000,34000000),
(47,2000000,'2022-09-15',17,116,38000000,36000000),
(48,1000000,'2022-09-15',17,90,5031000,4031000),
(49,30000000,'2022-09-16',18,124,35000000,5000000),
(50,15000000,'2022-09-16',18,126,15800000,800000),
(51,20000000,'2022-09-16',18,125,60000000,40000000),
(52,5000000,'2022-09-19',18,57,5000000,0),
(53,7500000,'2022-09-19',18,61,15920000,8420000),
(54,1500000,'2022-09-19',18,127,45000000,43500000),
(55,1200000,'2022-09-19',18,128,2800000,1600000),
(56,300000,'2022-09-19',18,132,9500000,9200000),
(57,9000000,'2022-09-19',18,133,9500000,500000),
(58,700000,'2022-09-19',17,129,51000000,50300000),
(59,1000000,'2022-09-19',17,130,13000000,12000000),
(60,3000000,'2022-09-19',17,131,3170000,170000),
(61,6500000,'2022-09-19',17,103,9700000,3200000),
(62,300000,'2022-09-19',17,145,476000,176000),
(63,500000,'2022-09-21',17,151,22000000,21500000),
(64,9000000,'2022-09-22',17,156,19000000,10000000),
(65,2700000,'2022-09-22',18,157,2739000,39000),
(66,1500000,'2022-09-22',18,158,15000000,13500000),
(67,26000000,'2022-09-22',18,99,27480000,1480000),
(68,10000000,'2022-09-23',18,114,34000000,24000000),
(69,20000000,'2022-09-23',18,82,60000000,40000000),
(70,28000000,'2022-09-23',17,108,46570000,18570000),
(71,3000000,'2022-09-23',17,161,6000000,3000000),
(72,13000000,'2022-09-23',17,162,13000000,0),
(73,1000000,'2022-09-23',17,90,4031000,3031000),
(74,500000,'2022-09-24',17,169,3000000,2500000),
(75,3000000,'2022-09-24',18,167,5000000,2000000),
(76,200000,'2022-09-24',18,168,5500000,5300000),
(77,3000000,'2022-09-24',18,170,27000000,24000000),
(78,1800000,'2022-09-24',18,127,43500000,41700000),
(79,1000000,'2022-09-24',18,48,7691000,6691000),
(80,34000000,'2022-09-26',18,82,40000000,6000000),
(81,26000000,'2022-09-26',18,179,37000000,11000000),
(82,35000000,'2022-09-26',18,23,115900000,80900000),
(83,1000000,'2022-09-26',17,90,3031000,2031000),
(84,3000000,'2022-09-28',17,181,9000000,6000000),
(85,500000,'2022-09-28',17,40,3795000,3295000),
(86,2000000,'2022-09-28',17,112,11000000,9000000),
(87,800000,'2022-09-27',17,189,22000000,21200000),
(88,525000,'2022-09-27',17,190,1000000,475000),
(89,5000000,'2022-09-27',17,50,45750000,40750000),
(90,10000000,'2022-09-29',18,193,14636000,4636000),
(91,1500000,'2022-09-29',18,40,3295000,1795000),
(92,300000,'2022-09-30',17,199,321000,21000),
(93,50000,'2022-11-22',16,12,310000,260000),
(94,10000,'2022-12-01',7,12,280000,270000);

/*!40101 SET SQL_MODE=@OLD_SQL_MODE */;
/*!40014 SET FOREIGN_KEY_CHECKS=@OLD_FOREIGN_KEY_CHECKS */;
/*!40014 SET UNIQUE_CHECKS=@OLD_UNIQUE_CHECKS */;
/*!40111 SET SQL_NOTES=@OLD_SQL_NOTES */;
